timestamp,station_id,temperature,humidity,pressure,wind_speed
2026-08-25 12:49:49.197501,AWS-01,28.25,64.79,1012.65,7.28
2026-08-25 12:50:49.197501,AWS-01,27.96,64.58,1013.58,6.15
2026-08-25 12:51:49.197501,AWS-01,28.37,65.68,1011.54,4.3
2026-08-25 12:52:49.197501,AWS-01,28.84,61.93,1010.28,4.16
2026-08-25 12:53:49.197501,AWS-01,27.98,65.2,1011.09,2.88
2026-08-25 12:54:49.197501,AWS-01,28.01,64.33,1012.07,2.86
2026-08-25 12:55:49.197501,AWS-01,28.94,64.77,1010.85,5.56
2026-08-25 12:56:49.197501,AWS-01,28.56,64.1,1011.4,7.78
2026-08-25 12:57:49.197501,AWS-01,27.97,62.88,1012.82,3.17
2026-08-25 12:58:49.197501,AWS-01,28.5,61.46,1010.67,5.3
2026-08-25 12:59:49.197501,AWS-01,28.02,64.59,1011.88,4.55
2026-08-25 13:00:49.197501,AWS-01,28.04,63.19,1011.54,6.59
2026-08-25 13:01:49.197501,AWS-01,28.42,61.56,1012.32,4.42
2026-08-25 13:02:49.197501,AWS-01,27.37,65.05,1013.03,6.4
2026-08-25 13:03:49.197501,AWS-01,27.49,63.6,1012.33,6.46
2026-08-25 13:04:49.197501,AWS-01,28.09,63.72,1010.89,3.21
2026-08-25 13:05:49.197501,AWS-01,27.89,65.97,1011.93,6.51
2026-08-25 13:06:49.197501,AWS-01,28.58,62.9,1012.36,7.31
2026-08-25 13:07:49.197501,AWS-01,27.99,66.15,1009.38,6.23
2026-08-25 13:08:49.197501,AWS-01,27.77,63.29,1012.09,2.02
2026-08-25 13:09:49.197501,AWS-01,29.23,64.21,1013.48,4.22
2026-08-25 13:10:49.197501,AWS-01,28.41,62.85,1012.92,5.49
2026-08-25 13:11:49.197501,AWS-01,28.58,64.31,1012.1,6.45
2026-08-25 13:12:49.197501,AWS-01,27.86,62.98,1011.61,2.8
2026-08-25 13:13:49.197501,AWS-01,28.32,63.8,1012.01,4.65
2026-08-25 13:14:49.197501,AWS-01,28.68,62.71,1011.66,3.8
2026-08-25 13:15:49.197501,AWS-01,28.07,63.89,1013.89,5.26
2026-08-25 13:16:49.197501,AWS-01,28.86,63.1,1010.08,4.96
2026-08-25 13:17:49.197501,AWS-01,28.39,66.85,1011.81,5.45
2026-08-25 13:18:49.197501,AWS-01,28.57,61.33,1013.14,6.13
2026-08-25 13:19:49.197501,AWS-01,28.44,61.66,1013.4,2.9
2026-08-25 13:20:49.197501,AWS-01,29.69,66.24,1011.01,4.15
2026-08-25 13:21:49.197501,AWS-01,28.78,62.14,1010.45,5.1
2026-08-25 13:22:49.197501,AWS-01,28.29,63.54,1011.08,7.32
2026-08-25 13:23:49.197501,AWS-01,29.25,62.28,1012.81,3.15
2026-08-25 13:24:49.197501,AWS-01,28.25,64.66,1010.39,5.28
2026-08-25 13:25:49.197501,AWS-01,28.99,63.81,1010.76,3.02
2026-08-25 13:26:49.197501,AWS-01,27.93,63.02,1012.25,5.52
2026-08-25 13:27:49.197501,AWS-01,28.27,62.86,1012.29,3.93
2026-08-25 13:28:49.197501,AWS-01,29.06,63.16,1010.81,5.98
2026-08-25 13:29:49.197501,AWS-01,29.35,63.56,1013.16,3.77
2026-08-25 13:30:49.197501,AWS-01,29.09,62.94,1012.82,7.85
2026-08-25 13:31:49.197501,AWS-01,28.97,61.13,1011.11,3.78
2026-08-25 13:32:49.197501,AWS-01,28.9,62.71,1012.28,6.24
2026-08-25 13:33:49.197501,AWS-01,28.34,64.31,1011.74,9.08
2026-08-25 13:34:49.197501,AWS-01,28.74,60.78,1010.93,5.72
2026-08-25 13:35:49.197501,AWS-01,28.89,63.08,1012.47,4.89
2026-08-25 13:36:49.197501,AWS-01,29.67,59.67,1011.55,6.28
2026-08-25 13:37:49.197501,AWS-01,29.34,60.02,1012.17,5.58
2026-08-25 13:38:49.197501,AWS-01,28.31,62.05,1012.06,3.29
2026-08-25 13:39:49.197501,AWS-01,29.38,62.6,1013.08,6.58
2026-08-25 13:40:49.197501,AWS-01,29.04,60.29,1012.52,5.77
2026-08-25 13:41:49.197501,AWS-01,28.92,67.42,1012.57,6.7
2026-08-25 13:42:49.197501,AWS-01,29.59,62.56,1011.68,6.14
2026-08-25 13:43:49.197501,AWS-01,29.82,61.17,1011.51,5.12
2026-08-25 13:44:49.197501,AWS-01,29.79,58.66,1012.69,2.58
2026-08-25 13:45:49.197501,AWS-01,28.93,63.03,1012.06,3.38
2026-08-25 13:46:49.197501,AWS-01,29.22,62.36,1011.27,5.32
2026-08-25 13:47:49.197501,AWS-01,29.56,60.3,1014.14,5.95
2026-08-25 13:48:49.197501,AWS-01,29.9,61.5,1011.34,6.28
2026-08-25 13:49:49.197501,AWS-01,29.2,60.99,1012.5,6.3
2026-08-25 13:50:49.197501,AWS-01,29.37,60.6,1011.53,4.02
2026-08-25 13:51:49.197501,AWS-01,28.93,61.66,1010.74,6.38
2026-08-25 13:52:49.197501,AWS-01,28.91,62.54,1010.48,4.27
2026-08-25 13:53:49.197501,AWS-01,29.93,59.87,1012.44,6.16
2026-08-25 13:54:49.197501,AWS-01,30.22,60.79,1008.76,3.46
2026-08-25 13:55:49.197501,AWS-01,29.53,58.95,1013.63,2.85
2026-08-25 13:56:49.197501,AWS-01,30.09,60.96,1013.44,2.85
2026-08-25 13:57:49.197501,AWS-01,29.79,60.72,1011.02,5.69
2026-08-25 13:58:49.197501,AWS-01,29.31,59.75,1012.07,4.42
2026-08-25 13:59:49.197501,AWS-01,29.83,61.59,1013.59,3.14
2026-08-25 14:00:49.197501,AWS-01,30.44,57.61,1011.85,5.88
2026-08-25 14:01:49.197501,AWS-01,29.68,59.55,1011.79,4.26
2026-08-25 14:02:49.197501,AWS-01,30.5,61.7,1012.36,3.96
2026-08-25 14:03:49.197501,AWS-01,28.43,60.83,1012.81,5.94
2026-08-25 14:04:49.197501,AWS-01,30.17,59.48,1012.75,5.92
2026-08-25 14:05:49.197501,AWS-01,29.82,60.44,1013.28,4.11
2026-08-25 14:06:49.197501,AWS-01,29.65,59.91,1011.78,6.65
2026-08-25 14:07:49.197501,AWS-01,29.86,61.38,1013.31,5.03
2026-08-25 14:08:49.197501,AWS-01,28.84,59.64,1012.32,4.8
2026-08-25 14:09:49.197501,AWS-01,29.75,60.95,1011.18,8.14
2026-08-25 14:10:49.197501,AWS-01,30.05,58.18,1013.16,6.19
2026-08-25 14:11:49.197501,AWS-01,30.63,60.89,1011.99,3.65
2026-08-25 14:12:49.197501,AWS-01,29.65,58.88,1012.98,4.78
2026-08-25 14:13:49.197501,AWS-01,29.53,59.36,1012.41,4.15
2026-08-25 14:14:49.197501,AWS-01,29.7,60.16,1012.24,4.24
2026-08-25 14:15:49.197501,AWS-01,30.43,60.09,1010.55,2.89
2026-08-25 14:16:49.197501,AWS-01,30.15,59.37,1012.31,7.21
2026-08-25 14:17:49.197501,AWS-01,29.74,59.41,1011.98,3.5
2026-08-25 14:18:49.197501,AWS-01,30.28,59.16,1012.32,3.76
2026-08-25 14:19:49.197501,AWS-01,30.09,61.85,1011.89,5.6
2026-08-25 14:20:49.197501,AWS-01,30.55,58.9,1012.22,5.02
2026-08-25 14:21:49.197501,AWS-01,29.73,58.29,1012.02,5.75
2026-08-25 14:22:49.197501,AWS-01,29.94,60.84,1014.15,3.85
2026-08-25 14:23:49.197501,AWS-01,29.92,59.63,1014.19,3.79
2026-08-25 14:24:49.197501,AWS-01,29.4,58.41,1009.88,4.21
2026-08-25 14:25:49.197501,AWS-01,30.3,59.49,1012.34,7.81
2026-08-25 14:26:49.197501,AWS-01,30.3,58.35,1011.1,5.74
2026-08-25 14:27:49.197501,AWS-01,30.19,61.92,1013.18,4.3
2026-08-25 14:28:49.197501,AWS-01,30.09,61.15,1011.89,6.86
2026-08-25 14:29:49.197501,AWS-01,29.51,58.18,1012.01,5.07
2026-08-25 14:30:49.197501,AWS-01,30.03,59.97,1010.93,4.79
2026-08-25 14:31:49.197501,AWS-01,30.08,59.76,1012.71,3.31
2026-08-25 14:32:49.197501,AWS-01,29.87,60.86,1012.33,3.88
2026-08-25 14:33:49.197501,AWS-01,30.21,59.08,1013.18,5.1
2026-08-25 14:34:49.197501,AWS-01,30.5,61.49,1011.75,6.46
2026-08-25 14:35:49.197501,AWS-01,31.26,60.87,1011.04,6.03
2026-08-25 14:36:49.197501,AWS-01,30.42,56.14,1010.82,1.94
2026-08-25 14:37:49.197501,AWS-01,30.48,59.81,1013.5,5.11
2026-08-25 14:38:49.197501,AWS-01,30.33,56.62,1010.3,4.92
2026-08-25 14:39:49.197501,AWS-01,29.42,58.6,1009.93,4.87
2026-08-25 14:40:49.197501,AWS-01,30.38,59.62,1012.37,3.59
2026-08-25 14:41:49.197501,AWS-01,30.44,56.98,1011.94,6.43
2026-08-25 14:42:49.197501,AWS-01,31.66,59.29,1011.47,3.81
2026-08-25 14:43:49.197501,AWS-01,30.34,56.94,1011.45,3.2
2026-08-25 14:44:49.197501,AWS-01,30.61,58.51,1011.3,5.32
2026-08-25 14:45:49.197501,AWS-01,30.45,58.08,1012.61,6.14
2026-08-25 14:46:49.197501,AWS-01,29.9,57.51,1011.72,1.55
2026-08-25 14:47:49.197501,AWS-01,31.07,60.39,1013.64,4.63
2026-08-25 14:48:49.197501,AWS-01,30.89,58.77,1015.08,6.68
2026-08-25 14:49:49.197501,AWS-01,30.92,56.83,1010.39,5.31
2026-08-25 14:50:49.197501,AWS-01,30.08,56.1,1011.35,3.38
2026-08-25 14:51:49.197501,AWS-01,31.25,59.52,1011.99,7.22
2026-08-25 14:52:49.197501,AWS-01,29.86,56.87,1013.52,5.81
2026-08-25 14:53:49.197501,AWS-01,30.87,57.84,1011.12,2.93
2026-08-25 14:54:49.197501,AWS-01,31.68,60.96,1010.6,5.84
2026-08-25 14:55:49.197501,AWS-01,30.11,57.33,1011.41,3.7
2026-08-25 14:56:49.197501,AWS-01,30.33,56.78,1012.27,4.92
2026-08-25 14:57:49.197501,AWS-01,30.68,56.63,1011.42,6.13
2026-08-25 14:58:49.197501,AWS-01,30.39,56.5,1012.1,6.13
2026-08-25 14:59:49.197501,AWS-01,29.88,58.75,1011.34,5.86
2026-08-25 15:00:49.197501,AWS-01,30.7,55.19,1010.37,5.07
2026-08-25 15:01:49.197501,AWS-01,30.14,56.51,1012.64,2.51
2026-08-25 15:02:49.197501,AWS-01,30.92,56.02,1011.35,5.07
2026-08-25 15:03:49.197501,AWS-01,30.24,57.23,1013.01,4.13
2026-08-25 15:04:49.197501,AWS-01,31.48,56.09,1012.53,7.16
2026-08-25 15:05:49.197501,AWS-01,30.33,56.56,1012.58,4.7
2026-08-25 15:06:49.197501,AWS-01,30.57,56.82,1012.09,4.77
2026-08-25 15:07:49.197501,AWS-01,31.15,58.08,1012.34,4.38
2026-08-25 15:08:49.197501,AWS-01,30.13,57.02,1012.39,4.37
2026-08-25 15:09:49.197501,AWS-01,30.87,60.76,1012.87,4.51
2026-08-25 15:10:49.197501,AWS-01,31.42,57.01,1009.96,3.49
2026-08-25 15:11:49.197501,AWS-01,29.97,57.07,1012.02,7.51
2026-08-25 15:12:49.197501,AWS-01,30.88,57.24,1012.83,1.68
2026-08-25 15:13:49.197501,AWS-01,30.93,58.7,1010.52,6.72
2026-08-25 15:14:49.197501,AWS-01,31.2,56.9,1012.63,8.41
2026-08-25 15:15:49.197501,AWS-01,30.2,57.87,1011.54,3.73
2026-08-25 15:16:49.197501,AWS-01,30.16,56.19,1012.07,4.28
2026-08-25 15:17:49.197501,AWS-01,31.09,57.95,1013.04,4.23
2026-08-25 15:18:49.197501,AWS-01,30.99,55.96,1011.56,5.57
2026-08-25 15:19:49.197501,AWS-01,30.97,56.02,1012.87,7.03
2026-08-25 15:20:49.197501,AWS-01,31.03,60.2,1011.23,3.13
2026-08-25 15:21:49.197501,AWS-01,30.52,59.61,1012.65,4.92
2026-08-25 15:22:49.197501,AWS-01,30.99,55.66,1014.45,5.19
2026-08-25 15:23:49.197501,AWS-01,31.02,58.42,1012.48,5.34
2026-08-25 15:24:49.197501,AWS-01,30.53,58.02,1013.88,7.02
2026-08-25 15:25:49.197501,AWS-01,31.82,56.52,1011.01,4.81
2026-08-25 15:26:49.197501,AWS-01,31.13,58.92,1010.31,7.29
2026-08-25 15:27:49.197501,AWS-01,30.31,56.62,1010.99,2.52
2026-08-25 15:28:49.197501,AWS-01,31.24,57.35,1010.71,3.06
2026-08-25 15:29:49.197501,AWS-01,30.43,59.73,1011.74,2.75
2026-08-25 15:30:49.197501,AWS-01,31.32,56.8,1009.3,4.92
2026-08-25 15:31:49.197501,AWS-01,31.51,58.24,1013.85,6.69
2026-08-25 15:32:49.197501,AWS-01,30.52,55.52,1014.57,5.09
2026-08-25 15:33:49.197501,AWS-01,31.42,57.13,1012.2,4.78
2026-08-25 15:34:49.197501,AWS-01,31.15,56.33,1011.97,4.18
2026-08-25 15:35:49.197501,AWS-01,31.36,57.3,1011.75,7.26
2026-08-25 15:36:49.197501,AWS-01,31.9,58.77,1013.25,1.89
2026-08-25 15:37:49.197501,AWS-01,30.83,56.56,1010.59,3.83
2026-08-25 15:38:49.197501,AWS-01,30.58,59.73,1012.94,6.91
2026-08-25 15:39:49.197501,AWS-01,30.52,55.4,1011.48,5.73
2026-08-25 15:40:49.197501,AWS-01,30.56,58.15,1011.76,4.44
2026-08-25 15:41:49.197501,AWS-01,30.93,57.74,1011.64,6.74
2026-08-25 15:42:49.197501,AWS-01,31.15,57.99,1012.59,4.54
2026-08-25 15:43:49.197501,AWS-01,31.12,55.18,1012.92,4.72
2026-08-25 15:44:49.197501,AWS-01,31.39,58.62,1011.3,2.89
2026-08-25 15:45:49.197501,AWS-01,30.99,57.95,1010.72,7.63
2026-08-25 15:46:49.197501,AWS-01,31.71,59.58,1012.21,4.85
2026-08-25 15:47:49.197501,AWS-01,30.86,57.63,1011.96,6.65
2026-08-25 15:48:49.197501,AWS-01,32.35,57.25,1011.64,4.91
2026-08-25 15:49:49.197501,AWS-01,31.31,54.45,1010.65,6.11
2026-08-25 15:50:49.197501,AWS-01,30.57,56.74,1012.02,5.52
2026-08-25 15:51:49.197501,AWS-01,30.46,55.84,1012.2,3.53
2026-08-25 15:52:49.197501,AWS-01,31.24,54.45,1013.03,5.71
2026-08-25 15:53:49.197501,AWS-01,30.89,58.48,1013.67,6.52
2026-08-25 15:54:49.197501,AWS-01,31.36,55.08,1011.38,5.04
2026-08-25 15:55:49.197501,AWS-01,31.24,55.91,1012.19,3.87
2026-08-25 15:56:49.197501,AWS-01,30.96,54.89,1011.08,2.97
2026-08-25 15:57:49.197501,AWS-01,30.58,58.58,1011.05,8.95
2026-08-25 15:58:49.197501,AWS-01,30.24,57.28,1011.14,6.05
2026-08-25 15:59:49.197501,AWS-01,30.78,57.18,1014.56,4.86
2026-08-25 16:00:49.197501,AWS-01,31.43,55.95,1011.97,7.66
2026-08-25 16:01:49.197501,AWS-01,31.11,59.72,1012.71,4.16
2026-08-25 16:02:49.197501,AWS-01,30.38,58.46,1012.62,2.64
2026-08-25 16:03:49.197501,AWS-01,31.08,56.64,1011.93,5.93
2026-08-25 16:04:49.197501,AWS-01,31.19,55.01,1012.38,5.92
2026-08-25 16:05:49.197501,AWS-01,30.55,58.64,1012.83,5.69
2026-08-25 16:06:49.197501,AWS-01,31.07,54.53,1012.43,5.31
2026-08-25 16:07:49.197501,AWS-01,31.02,55.11,1010.92,6.58
2026-08-25 16:08:49.197501,AWS-01,30.42,58.05,1012.03,5.04
2026-08-25 16:09:49.197501,AWS-01,31.17,56.26,1012.1,4.31
2026-08-25 16:10:49.197501,AWS-01,31.26,56.58,1012.22,4.28
2026-08-25 16:11:49.197501,AWS-01,31.52,55.71,1011.81,4.34
2026-08-25 16:12:49.197501,AWS-01,31.51,57.35,1013.03,2.77
2026-08-25 16:13:49.197501,AWS-01,30.29,58.4,1012.08,6.6
2026-08-25 16:14:49.197501,AWS-01,30.5,59.19,1014.3,4.46
2026-08-25 16:15:49.197501,AWS-01,31.23,59.27,1013.58,4.22
2026-08-25 16:16:49.197501,AWS-01,31.22,56.67,1010.66,3.62
2026-08-25 16:17:49.197501,AWS-01,31.22,55.95,1011.97,5.35
2026-08-25 16:18:49.197501,AWS-01,32.88,55.62,1012.98,4.68
2026-08-25 16:19:49.197501,AWS-01,31.24,58.14,1010.88,5.57
2026-08-25 16:20:49.197501,AWS-01,31.52,57.88,1012.29,8.68
2026-08-25 16:21:49.197501,AWS-01,31.42,56.36,1011.38,4.17
2026-08-25 16:22:49.197501,AWS-01,31.26,58.95,1013.42,4.14
2026-08-25 16:23:49.197501,AWS-01,30.77,57.89,1011.45,5.95
2026-08-25 16:24:49.197501,AWS-01,31.31,54.92,1013.55,7.69
2026-08-25 16:25:49.197501,AWS-01,30.54,56.63,1012.29,5.5
2026-08-25 16:26:49.197501,AWS-01,30.8,60.24,1011.82,3.8
2026-08-25 16:27:49.197501,AWS-01,30.67,56.14,1011.97,7.69
2026-08-25 16:28:49.197501,AWS-01,30.94,57.59,1011.98,6.78
2026-08-25 16:29:49.197501,AWS-01,32.05,56.48,1011.51,6.57
2026-08-25 16:30:49.197501,AWS-01,29.96,60.06,1012.58,4.46
2026-08-25 16:31:49.197501,AWS-01,31.23,58.97,1012.82,5.76
2026-08-25 16:32:49.197501,AWS-01,30.07,59.08,1013.38,5.97
2026-08-25 16:33:49.197501,AWS-01,30.63,57.57,1013.21,3.77
2026-08-25 16:34:49.197501,AWS-01,31.41,56.78,1012.03,6.92
2026-08-25 16:35:49.197501,AWS-01,30.89,57.46,1010.64,6.12
2026-08-25 16:36:49.197501,AWS-01,30.31,60.65,1011.69,5.33
2026-08-25 16:37:49.197501,AWS-01,30.48,59.8,1011.9,5.42
2026-08-25 16:38:49.197501,AWS-01,31.17,57.73,1011.55,5.29
2026-08-25 16:39:49.197501,AWS-01,30.46,55.93,1012.13,3.95
2026-08-25 16:40:49.197501,AWS-01,30.92,55.21,1011.44,5.57
2026-08-25 16:41:49.197501,AWS-01,30.83,57.42,1011.44,7.82
2026-08-25 16:42:49.197501,AWS-01,30.47,54.25,1012.44,4.25
2026-08-25 16:43:49.197501,AWS-01,31.86,58.63,1012.24,4.15
2026-08-25 16:44:49.197501,AWS-01,31.09,58.9,1012.65,4.85
2026-08-25 16:45:49.197501,AWS-01,29.76,56.01,1010.47,3.96
2026-08-25 16:46:49.197501,AWS-01,30.85,58.01,1011.76,5.53
2026-08-25 16:47:49.197501,AWS-01,30.42,59.84,1011.92,6.68
2026-08-25 16:48:49.197501,AWS-01,31.16,58.38,1012.57,5.67
2026-08-25 16:49:49.197501,AWS-01,30.33,59.72,1012.2,6.06
2026-08-25 16:50:49.197501,AWS-01,30.66,59.91,1011.32,7.7
2026-08-25 16:51:49.197501,AWS-01,30.96,55.64,1012.13,3.98
2026-08-25 16:52:49.197501,AWS-01,31.13,56.83,1011.55,2.17
2026-08-25 16:53:49.197501,AWS-01,30.08,54.2,1010.42,6.14
2026-08-25 16:54:49.197501,AWS-01,30.51,58.51,1011.03,4.93
2026-08-25 16:55:49.197501,AWS-01,30.42,56.16,1013.5,6.32
2026-08-25 16:56:49.197501,AWS-01,30.32,57.97,1012.21,1.94
2026-08-25 16:57:49.197501,AWS-01,31.52,56.94,1011.0,4.58
2026-08-25 16:58:49.197501,AWS-01,30.83,58.96,1011.43,5.86
2026-08-25 16:59:49.197501,AWS-01,29.98,59.41,1012.06,4.03
2026-08-25 17:00:49.197501,AWS-01,31.06,58.65,1012.9,5.95
2026-08-25 17:01:49.197501,AWS-01,31.65,57.29,1013.32,5.3
2026-08-25 17:02:49.197501,AWS-01,31.09,57.09,1013.74,5.3
2026-08-25 17:03:49.197501,AWS-01,29.8,57.44,1011.68,5.64
2026-08-25 17:04:49.197501,AWS-01,30.31,57.34,1011.98,8.21
2026-08-25 17:05:49.197501,AWS-01,31.17,58.89,1012.04,5.18
2026-08-25 17:06:49.197501,AWS-01,30.17,56.73,1011.74,2.5
2026-08-25 17:07:49.197501,AWS-01,30.73,59.28,1011.52,7.36
2026-08-25 17:08:49.197501,AWS-01,30.88,56.14,1012.22,6.57
2026-08-25 17:09:49.197501,AWS-01,30.02,57.69,1013.08,4.94
2026-08-25 17:10:49.197501,AWS-01,30.44,59.74,1012.65,2.64
2026-08-25 17:11:49.197501,AWS-01,28.83,60.52,1011.37,5.59
2026-08-25 17:12:49.197501,AWS-01,29.93,58.88,1011.45,3.99
2026-08-25 17:13:49.197501,AWS-01,30.3,60.29,1012.54,4.44
2026-08-25 17:14:49.197501,AWS-01,29.79,54.3,1013.15,2.39
2026-08-25 17:15:49.197501,AWS-01,31.21,56.93,1010.71,6.74
2026-08-25 17:16:49.197501,AWS-01,29.67,59.17,1011.95,5.72
2026-08-25 17:17:49.197501,AWS-01,30.15,56.77,1013.0,4.26
2026-08-25 17:18:49.197501,AWS-01,30.42,58.09,1013.5,6.28
2026-08-25 17:19:49.197501,AWS-01,31.05,58.25,1011.68,8.12
2026-08-25 17:20:49.197501,AWS-01,29.6,59.46,1013.03,5.36
2026-08-25 17:21:49.197501,AWS-01,30.88,58.57,1011.93,4.94
2026-08-25 17:22:49.197501,AWS-01,30.29,58.98,1012.73,4.88
2026-08-25 17:23:49.197501,AWS-01,29.78,55.95,1012.92,5.52
2026-08-25 17:24:49.197501,AWS-01,30.48,54.65,1014.09,4.79
2026-08-25 17:25:49.197501,AWS-01,30.34,57.47,1012.61,3.42
2026-08-25 17:26:49.197501,AWS-01,29.92,61.95,1011.81,5.33
2026-08-25 17:27:49.197501,AWS-01,30.24,59.87,1012.15,5.55
2026-08-25 17:28:49.197501,AWS-01,29.99,59.08,1012.2,6.58
2026-08-25 17:29:49.197501,AWS-01,30.23,61.0,1012.64,3.29
2026-08-25 17:30:49.197501,AWS-01,30.48,57.54,1012.3,3.87
2026-08-25 17:31:49.197501,AWS-01,30.93,59.8,1012.32,5.63
2026-08-25 17:32:49.197501,AWS-01,29.5,60.04,1011.76,6.45
2026-08-25 17:33:49.197501,AWS-01,31.17,57.56,1012.6,6.05
2026-08-25 17:34:49.197501,AWS-01,29.11,61.51,1011.85,5.19
2026-08-25 17:35:49.197501,AWS-01,29.99,59.52,1010.9,2.84
2026-08-25 17:36:49.197501,AWS-01,30.34,58.28,1011.01,1.77
2026-08-25 17:37:49.197501,AWS-01,30.17,57.61,1013.64,6.51
2026-08-25 17:38:49.197501,AWS-01,29.7,63.02,1012.98,4.51
2026-08-25 17:39:49.197501,AWS-01,29.89,63.13,1010.61,2.53
2026-08-25 17:40:49.197501,AWS-01,29.72,63.41,1013.38,5.85
2026-08-25 17:41:49.197501,AWS-01,29.66,61.08,1012.76,5.42
2026-08-25 17:42:49.197501,AWS-01,30.36,59.75,1011.25,4.58
2026-08-25 17:43:49.197501,AWS-01,30.09,59.75,1011.01,3.34
2026-08-25 17:44:49.197501,AWS-01,29.55,62.04,1012.92,2.64
2026-08-25 17:45:49.197501,AWS-01,30.32,61.41,1011.02,4.66
2026-08-25 17:46:49.197501,AWS-01,30.01,58.6,1012.11,3.0
2026-08-25 17:47:49.197501,AWS-01,30.24,60.59,1010.41,5.66
2026-08-25 17:48:49.197501,AWS-01,30.13,60.99,1012.22,7.05
2026-08-25 17:49:49.197501,AWS-01,29.38,59.57,1012.12,5.81
2026-08-25 17:50:49.197501,AWS-01,29.5,60.33,1011.3,4.01
2026-08-25 17:51:49.197501,AWS-01,30.13,62.94,1010.76,3.96
2026-08-25 17:52:49.197501,AWS-01,30.04,61.72,1011.71,6.87
2026-08-25 17:53:49.197501,AWS-01,29.7,60.85,1011.16,8.22
2026-08-25 17:54:49.197501,AWS-01,29.75,60.95,1012.63,5.62
2026-08-25 17:55:49.197501,AWS-01,30.31,60.34,1012.04,4.78
2026-08-25 17:56:49.197501,AWS-01,29.36,63.91,1011.44,2.95
2026-08-25 17:57:49.197501,AWS-01,29.9,64.52,1011.2,7.46
2026-08-25 17:58:49.197501,AWS-01,29.51,59.88,1012.57,7.44
2026-08-25 17:59:49.197501,AWS-01,29.48,60.46,1011.42,3.48
2026-08-25 18:00:49.197501,AWS-01,30.12,58.98,1012.03,3.85
2026-08-25 18:01:49.197501,AWS-01,29.96,58.54,1012.33,6.25
2026-08-25 18:02:49.197501,AWS-01,29.93,61.49,1013.23,3.19
2026-08-25 18:03:49.197501,AWS-01,30.16,61.62,1011.29,4.92
2026-08-25 18:04:49.197501,AWS-01,29.49,61.16,1012.54,3.62
2026-08-25 18:05:49.197501,AWS-01,29.8,58.99,1011.89,3.64
2026-08-25 18:06:49.197501,AWS-01,29.28,63.02,1013.09,5.91
2026-08-25 18:07:49.197501,AWS-01,29.58,60.75,1013.21,5.21
2026-08-25 18:08:49.197501,AWS-01,29.33,61.87,1012.19,4.54
2026-08-25 18:09:49.197501,AWS-01,29.42,61.11,1012.71,6.44
2026-08-25 18:10:49.197501,AWS-01,29.65,59.4,1010.16,5.76
2026-08-25 18:11:49.197501,AWS-01,28.92,58.23,1012.39,8.74
2026-08-25 18:12:49.197501,AWS-01,30.35,62.78,1012.08,4.85
2026-08-25 18:13:49.197501,AWS-01,28.78,61.15,1012.27,5.48
2026-08-25 18:14:49.197501,AWS-01,28.65,63.13,1011.83,3.87
2026-08-25 18:15:49.197501,AWS-01,29.82,60.35,1012.03,4.99
2026-08-25 18:16:49.197501,AWS-01,29.61,62.47,1011.97,6.23
2026-08-25 18:17:49.197501,AWS-01,29.5,62.66,1012.01,3.03
2026-08-25 18:18:49.197501,AWS-01,29.48,61.43,1011.39,4.72
2026-08-25 18:19:49.197501,AWS-01,29.14,62.74,1011.93,5.73
2026-08-25 18:20:49.197501,AWS-01,28.67,59.05,1011.06,4.78
2026-08-25 18:21:49.197501,AWS-01,29.14,62.97,1013.53,6.83
2026-08-25 18:22:49.197501,AWS-01,28.74,64.37,1012.15,4.49
2026-08-25 18:23:49.197501,AWS-01,29.54,61.74,1011.61,5.26
2026-08-25 18:24:49.197501,AWS-01,28.95,62.26,1012.44,6.79
2026-08-25 18:25:49.197501,AWS-01,28.59,60.09,1009.45,6.4
2026-08-25 18:26:49.197501,AWS-01,28.82,62.05,1010.83,2.3
2026-08-25 18:27:49.197501,AWS-01,29.16,63.58,1011.42,1.11
2026-08-25 18:28:49.197501,AWS-01,28.65,63.1,1010.52,5.28
2026-08-25 18:29:49.197501,AWS-01,28.5,63.44,1012.12,3.54
2026-08-25 18:30:49.197501,AWS-01,29.01,62.4,1011.97,3.6
2026-08-25 18:31:49.197501,AWS-01,28.98,61.37,1011.83,7.57
2026-08-25 18:32:49.197501,AWS-01,28.58,60.34,1013.47,4.69
2026-08-25 18:33:49.197501,AWS-01,28.58,64.39,1011.39,7.74
2026-08-25 18:34:49.197501,AWS-01,28.91,62.16,1014.16,4.09
2026-08-25 18:35:49.197501,AWS-01,28.04,63.41,1013.3,7.34
2026-08-25 18:36:49.197501,AWS-01,28.04,61.89,1012.46,3.98
2026-08-25 18:37:49.197501,AWS-01,28.36,63.29,1011.63,5.28
2026-08-25 18:38:49.197501,AWS-01,28.59,61.69,1013.2,4.01
2026-08-25 18:39:49.197501,AWS-01,28.82,64.02,1013.19,6.08
2026-08-25 18:40:49.197501,AWS-01,29.38,62.15,1010.58,7.25
2026-08-25 18:41:49.197501,AWS-01,29.05,62.97,1013.33,5.83
2026-08-25 18:42:49.197501,AWS-01,28.52,66.66,1011.36,6.39
2026-08-25 18:43:49.197501,AWS-01,28.56,63.88,1013.53,5.76
2026-08-25 18:44:49.197501,AWS-01,28.05,65.15,1011.64,3.74
2026-08-25 18:45:49.197501,AWS-01,28.51,60.66,1014.06,3.35
2026-08-25 18:46:49.197501,AWS-01,28.35,63.26,1012.31,6.22
2026-08-25 18:47:49.197501,AWS-01,28.63,62.86,1011.83,5.42
2026-08-25 18:48:49.197501,AWS-01,28.03,66.22,1012.49,6.1
2026-08-25 18:49:49.197501,AWS-01,28.68,65.63,1012.18,3.05
2026-08-25 18:50:49.197501,AWS-01,29.16,62.96,1011.47,5.88
2026-08-25 18:51:49.197501,AWS-01,28.32,64.04,1012.31,7.55
2026-08-25 18:52:49.197501,AWS-01,28.55,67.97,1012.57,2.36
2026-08-25 18:53:49.197501,AWS-01,28.67,64.71,1013.29,6.01
2026-08-25 18:54:49.197501,AWS-01,28.1,62.37,1011.79,3.72
2026-08-25 18:55:49.197501,AWS-01,28.39,65.15,1013.67,5.59
2026-08-25 18:56:49.197501,AWS-01,28.26,65.0,1013.2,4.09
2026-08-25 18:57:49.197501,AWS-01,28.27,64.42,1011.22,5.97
2026-08-25 18:58:49.197501,AWS-01,27.81,65.1,1011.11,4.34
2026-08-25 18:59:49.197501,AWS-01,28.19,63.97,1013.73,4.4
2026-08-25 19:00:49.197501,AWS-01,28.4,66.0,1010.58,2.36
2026-08-25 19:01:49.197501,AWS-01,28.85,66.56,1011.45,8.84
2026-08-25 19:02:49.197501,AWS-01,28.58,65.01,1013.54,8.01
2026-08-25 19:03:49.197501,AWS-01,29.15,66.61,1013.02,5.89
2026-08-25 19:04:49.197501,AWS-01,27.67,64.04,1011.18,4.99
2026-08-25 19:05:49.197501,AWS-01,28.46,64.25,1012.7,6.43
2026-08-25 19:06:49.197501,AWS-01,28.09,67.22,1010.86,4.71
2026-08-25 19:07:49.197501,AWS-01,29.07,62.27,1011.92,4.82
2026-08-25 19:08:49.197501,AWS-01,27.55,66.08,1010.98,7.78
2026-08-25 19:09:49.197501,AWS-01,27.5,66.07,1011.77,3.56
2026-08-25 19:10:49.197501,AWS-01,27.6,66.9,1013.88,7.31
2026-08-25 19:11:49.197501,AWS-01,26.81,63.65,1012.14,2.35
2026-08-25 19:12:49.197501,AWS-01,27.59,65.18,1011.53,2.61
2026-08-25 19:13:49.197501,AWS-01,27.45,64.67,1010.83,0.69
2026-08-25 19:14:49.197501,AWS-01,27.88,68.19,1013.66,4.31
2026-08-25 19:15:49.197501,AWS-01,27.95,66.3,1011.0,5.45
2026-08-25 19:16:49.197501,AWS-01,28.69,67.51,1011.9,4.69
2026-08-25 19:17:49.197501,AWS-01,28.2,64.49,1011.77,5.55
2026-08-25 19:18:49.197501,AWS-01,27.41,64.59,1013.49,4.59
2026-08-25 19:19:49.197501,AWS-01,27.23,64.74,1009.58,6.33
2026-08-25 19:20:49.197501,AWS-01,27.9,65.51,1012.07,5.77
2026-08-25 19:21:49.197501,AWS-01,26.97,65.2,1012.79,3.12
2026-08-25 19:22:49.197501,AWS-01,28.52,64.03,1012.47,4.95
2026-08-25 19:23:49.197501,AWS-01,28.17,67.88,1011.27,3.78
2026-08-25 19:24:49.197501,AWS-01,27.32,67.92,1010.98,5.09
2026-08-25 19:25:49.197501,AWS-01,26.67,67.3,1012.18,4.45
2026-08-25 19:26:49.197501,AWS-01,28.18,66.46,1010.93,0.62
2026-08-25 19:27:49.197501,AWS-01,27.42,67.75,1009.64,3.49
2026-08-25 19:28:49.197501,AWS-01,28.07,69.55,1012.02,3.91
2026-08-25 19:29:49.197501,AWS-01,26.63,68.59,1011.35,3.8
2026-08-25 19:30:49.197501,AWS-01,27.1,65.16,1012.12,7.44
2026-08-25 19:31:49.197501,AWS-01,27.38,66.28,1011.71,2.66
2026-08-25 19:32:49.197501,AWS-01,27.38,66.6,1011.82,9.79
2026-08-25 19:33:49.197501,AWS-01,27.11,65.66,1011.57,6.72
2026-08-25 19:34:49.197501,AWS-01,27.62,64.69,1012.92,4.0
2026-08-25 19:35:49.197501,AWS-01,26.75,68.54,1011.55,6.92
2026-08-25 19:36:49.197501,AWS-01,27.19,68.26,1012.48,3.73
2026-08-25 19:37:49.197501,AWS-01,27.29,68.59,1011.67,4.39
2026-08-25 19:38:49.197501,AWS-01,27.47,67.74,1014.06,3.4
2026-08-25 19:39:49.197501,AWS-01,27.54,69.29,1011.92,5.68
2026-08-25 19:40:49.197501,AWS-01,26.6,67.88,1011.81,6.48
2026-08-25 19:41:49.197501,AWS-01,26.37,71.19,1012.58,5.49
2026-08-25 19:42:49.197501,AWS-01,27.75,66.83,1012.34,4.56
2026-08-25 19:43:49.197501,AWS-01,27.26,69.4,1010.99,6.71
2026-08-25 19:44:49.197501,AWS-01,26.69,67.31,1009.88,4.09
2026-08-25 19:45:49.197501,AWS-01,27.82,67.52,1011.0,4.24
2026-08-25 19:46:49.197501,AWS-01,27.08,68.44,1011.76,4.45
2026-08-25 19:47:49.197501,AWS-01,27.58,66.3,1013.62,4.52
2026-08-25 19:48:49.197501,AWS-01,27.0,70.03,1013.0,4.35
2026-08-25 19:49:49.197501,AWS-01,27.98,67.77,1011.1,5.49
2026-08-25 19:50:49.197501,AWS-01,27.8,69.65,1011.54,5.3
2026-08-25 19:51:49.197501,AWS-01,26.78,67.54,1012.59,4.29
2026-08-25 19:52:49.197501,AWS-01,27.36,65.97,1012.13,7.91
2026-08-25 19:53:49.197501,AWS-01,27.18,67.04,1012.51,5.27
2026-08-25 19:54:49.197501,AWS-01,27.52,68.85,1012.63,6.66
2026-08-25 19:55:49.197501,AWS-01,26.33,67.82,1012.67,7.85
2026-08-25 19:56:49.197501,AWS-01,27.13,66.78,1013.11,4.82
2026-08-25 19:57:49.197501,AWS-01,27.29,69.57,1011.46,4.86
2026-08-25 19:58:49.197501,AWS-01,25.86,68.65,1012.71,4.35
2026-08-25 19:59:49.197501,AWS-01,26.13,68.03,1012.74,5.92
2026-08-25 20:00:49.197501,AWS-01,25.68,70.11,1011.46,6.21
2026-08-25 20:01:49.197501,AWS-01,26.54,71.3,1011.78,4.48
2026-08-25 20:02:49.197501,AWS-01,27.01,68.15,1012.8,2.58
2026-08-25 20:03:49.197501,AWS-01,27.38,67.06,1012.95,7.57
2026-08-25 20:04:49.197501,AWS-01,26.64,68.47,1012.07,6.74
2026-08-25 20:05:49.197501,AWS-01,27.4,69.13,1012.98,5.75
2026-08-25 20:06:49.197501,AWS-01,25.87,70.34,1009.3,6.02
2026-08-25 20:07:49.197501,AWS-01,25.69,66.15,1012.51,7.06
2026-08-25 20:08:49.197501,AWS-01,26.49,70.38,1013.61,6.97
2026-08-25 20:09:49.197501,AWS-01,26.69,70.12,1012.08,2.6
2026-08-25 20:10:49.197501,AWS-01,26.46,67.8,1014.17,4.74
2026-08-25 20:11:49.197501,AWS-01,25.42,69.95,1012.04,7.54
2026-08-25 20:12:49.197501,AWS-01,26.39,69.47,1011.26,3.02
2026-08-25 20:13:49.197501,AWS-01,25.76,69.18,1011.57,3.96
2026-08-25 20:14:49.197501,AWS-01,26.72,69.17,1010.5,6.14
2026-08-25 20:15:49.197501,AWS-01,26.55,67.16,1011.69,3.87
2026-08-25 20:16:49.197501,AWS-01,25.88,71.42,1010.12,5.17
2026-08-25 20:17:49.197501,AWS-01,26.07,70.47,1012.21,3.87
2026-08-25 20:18:49.197501,AWS-01,25.78,68.32,1013.08,5.03
2026-08-25 20:19:49.197501,AWS-01,26.25,69.48,1011.29,2.73
2026-08-25 20:20:49.197501,AWS-01,26.74,67.25,1012.27,5.76
2026-08-25 20:21:49.197501,AWS-01,25.75,71.02,1011.52,5.22
2026-08-25 20:22:49.197501,AWS-01,26.48,71.08,1011.73,3.66
2026-08-25 20:23:49.197501,AWS-01,25.94,68.71,1011.79,3.52
2026-08-25 20:24:49.197501,AWS-01,25.79,69.96,1011.78,4.02
2026-08-25 20:25:49.197501,AWS-01,26.11,70.56,1010.91,7.12
2026-08-25 20:26:49.197501,AWS-01,25.63,69.98,1012.71,5.35
2026-08-25 20:27:49.197501,AWS-01,25.85,70.43,1011.39,5.54
2026-08-25 20:28:49.197501,AWS-01,25.51,70.21,1011.97,4.69
2026-08-25 20:29:49.197501,AWS-01,27.07,67.28,1011.45,5.14
2026-08-25 20:30:49.197501,AWS-01,26.08,68.61,1013.27,3.7
2026-08-25 20:31:49.197501,AWS-01,25.7,70.85,1011.35,7.66
2026-08-25 20:32:49.197501,AWS-01,26.14,71.63,1013.0,3.99
2026-08-25 20:33:49.197501,AWS-01,25.95,69.93,1012.29,5.39
2026-08-25 20:34:49.197501,AWS-01,25.88,71.57,1012.79,2.38
2026-08-25 20:35:49.197501,AWS-01,26.28,67.91,1013.03,6.69
2026-08-25 20:36:49.197501,AWS-01,26.33,69.84,1010.89,4.68
2026-08-25 20:37:49.197501,AWS-01,25.67,71.67,1013.31,7.09
2026-08-25 20:38:49.197501,AWS-01,25.63,70.24,1010.32,3.79
2026-08-25 20:39:49.197501,AWS-01,25.76,73.02,1010.77,4.11
2026-08-25 20:40:49.197501,AWS-01,24.73,71.07,1011.19,5.64
2026-08-25 20:41:49.197501,AWS-01,25.11,70.67,1012.55,5.01
2026-08-25 20:42:49.197501,AWS-01,26.53,70.57,1011.91,4.44
2026-08-25 20:43:49.197501,AWS-01,26.65,73.18,1012.56,4.56
2026-08-25 20:44:49.197501,AWS-01,25.69,70.33,1013.17,5.55
2026-08-25 20:45:49.197501,AWS-01,26.08,71.55,1010.43,3.31
2026-08-25 20:46:49.197501,AWS-01,25.93,71.14,1013.73,8.35
2026-08-25 20:47:49.197501,AWS-01,27.3,71.72,1010.2,4.19
2026-08-25 20:48:49.197501,AWS-01,26.31,70.08,1011.83,4.29
2026-08-25 20:49:49.197501,AWS-01,25.67,72.18,1010.93,5.36
2026-08-25 20:50:49.197501,AWS-01,25.24,69.72,1009.47,4.57
2026-08-25 20:51:49.197501,AWS-01,24.89,74.08,1010.77,5.75
2026-08-25 20:52:49.197501,AWS-01,25.78,71.02,1014.64,2.75
2026-08-25 20:53:49.197501,AWS-01,25.29,71.93,1013.09,5.15
2026-08-25 20:54:49.197501,AWS-01,24.94,70.68,1012.27,4.49
2026-08-25 20:55:49.197501,AWS-01,25.31,70.75,1012.38,4.96
2026-08-25 20:56:49.197501,AWS-01,25.08,71.27,1010.23,6.89
2026-08-25 20:57:49.197501,AWS-01,26.45,70.41,1011.4,7.06
2026-08-25 20:58:49.197501,AWS-01,26.03,76.14,1013.06,5.33
2026-08-25 20:59:49.197501,AWS-01,25.57,71.9,1012.52,5.97
2026-08-25 21:00:49.197501,AWS-01,26.3,71.64,1011.8,4.77
2026-08-25 21:01:49.197501,AWS-01,25.58,73.25,1012.59,0.59
2026-08-25 21:02:49.197501,AWS-01,25.1,71.88,1011.98,4.42
2026-08-25 21:03:49.197501,AWS-01,26.28,73.04,1011.23,5.61
2026-08-25 21:04:49.197501,AWS-01,25.77,69.59,1011.37,6.29
2026-08-25 21:05:49.197501,AWS-01,24.97,72.47,1012.73,5.77
2026-08-25 21:06:49.197501,AWS-01,25.38,72.38,1012.8,6.13
2026-08-25 21:07:49.197501,AWS-01,25.02,72.83,1012.35,6.61
2026-08-25 21:08:49.197501,AWS-01,24.76,70.48,1011.84,3.88
2026-08-25 21:09:49.197501,AWS-01,25.9,71.62,1011.21,4.54
2026-08-25 21:10:49.197501,AWS-01,26.38,72.19,1012.0,3.77
2026-08-25 21:11:49.197501,AWS-01,24.71,73.31,1010.39,3.86
2026-08-25 21:12:49.197501,AWS-01,25.68,70.53,1012.83,4.71
2026-08-25 21:13:49.197501,AWS-01,25.06,68.97,1012.64,3.14
2026-08-25 21:14:49.197501,AWS-01,25.13,72.42,1013.36,3.04
2026-08-25 21:15:49.197501,AWS-01,25.06,72.31,1013.8,6.86
2026-08-25 21:16:49.197501,AWS-01,24.92,71.33,1012.81,3.54
2026-08-25 21:17:49.197501,AWS-01,25.36,72.86,1013.06,9.14
2026-08-25 21:18:49.197501,AWS-01,24.91,71.37,1011.97,2.35
2026-08-25 21:19:49.197501,AWS-01,25.45,71.55,1011.48,5.23
2026-08-25 21:20:49.197501,AWS-01,25.28,73.87,1012.0,4.99
2026-08-25 21:21:49.197501,AWS-01,25.17,72.45,1012.83,3.7
2026-08-25 21:22:49.197501,AWS-01,24.83,71.79,1010.65,3.77
2026-08-25 21:23:49.197501,AWS-01,24.98,73.59,1012.26,5.29
2026-08-25 21:24:49.197501,AWS-01,25.64,72.1,1012.39,4.85
2026-08-25 21:25:49.197501,AWS-01,25.5,71.46,1009.56,4.8
2026-08-25 21:26:49.197501,AWS-01,24.75,73.75,1012.97,6.85
2026-08-25 21:27:49.197501,AWS-01,25.28,72.68,1011.38,4.53
2026-08-25 21:28:49.197501,AWS-01,25.6,74.21,1011.86,4.32
2026-08-25 21:29:49.197501,AWS-01,24.38,73.33,1010.56,1.56
2026-08-25 21:30:49.197501,AWS-01,25.48,70.63,1011.49,4.78
2026-08-25 21:31:49.197501,AWS-01,24.86,74.66,1012.33,5.45
2026-08-25 21:32:49.197501,AWS-01,25.47,70.8,1013.04,4.89
2026-08-25 21:33:49.197501,AWS-01,24.8,70.92,1010.45,6.23
2026-08-25 21:34:49.197501,AWS-01,24.27,71.2,1011.13,6.69
2026-08-25 21:35:49.197501,AWS-01,24.35,75.03,1011.1,5.96
2026-08-25 21:36:49.197501,AWS-01,25.18,73.5,1011.46,4.76
2026-08-25 21:37:49.197501,AWS-01,25.28,71.11,1012.74,4.23
2026-08-25 21:38:49.197501,AWS-01,24.69,71.14,1009.44,4.71
2026-08-25 21:39:49.197501,AWS-01,25.45,73.83,1011.98,4.61
2026-08-25 21:40:49.197501,AWS-01,24.29,73.49,1010.82,6.67
2026-08-25 21:41:49.197501,AWS-01,25.08,73.77,1012.44,5.03
2026-08-25 21:42:49.197501,AWS-01,24.5,73.6,1011.65,4.14
2026-08-25 21:43:49.197501,AWS-01,24.78,75.05,1010.76,2.8
2026-08-25 21:44:49.197501,AWS-01,25.12,72.82,1012.17,5.37
2026-08-25 21:45:49.197501,AWS-01,24.66,74.99,1010.4,3.76
2026-08-25 21:46:49.197501,AWS-01,24.89,70.31,1011.82,7.49
2026-08-25 21:47:49.197501,AWS-01,25.58,73.14,1010.74,4.08
2026-08-25 21:48:49.197501,AWS-01,24.78,72.33,1013.28,5.84
2026-08-25 21:49:49.197501,AWS-01,25.49,73.19,1012.5,6.71
2026-08-25 21:50:49.197501,AWS-01,24.5,71.31,1011.19,3.11
2026-08-25 21:51:49.197501,AWS-01,25.32,73.55,1012.99,4.89
2026-08-25 21:52:49.197501,AWS-01,25.77,73.09,1011.16,8.13
2026-08-25 21:53:49.197501,AWS-01,23.81,73.15,1014.02,5.01
2026-08-25 21:54:49.197501,AWS-01,24.65,72.35,1011.82,7.06
2026-08-25 21:55:49.197501,AWS-01,25.33,75.19,1010.58,4.6
2026-08-25 21:56:49.197501,AWS-01,24.93,73.79,1010.4,5.69
2026-08-25 21:57:49.197501,AWS-01,25.22,70.87,1012.19,4.01
2026-08-25 21:58:49.197501,AWS-01,24.73,72.95,1011.36,5.73
2026-08-25 21:59:49.197501,AWS-01,25.07,72.65,1012.72,3.06
2026-08-25 22:00:49.197501,AWS-01,24.94,73.65,1013.48,5.53
2026-08-25 22:01:49.197501,AWS-01,25.6,72.95,1010.75,5.91
2026-08-25 22:02:49.197501,AWS-01,25.14,72.28,1011.53,5.4
2026-08-25 22:03:49.197501,AWS-01,25.18,72.86,1014.1,4.63
2026-08-25 22:04:49.197501,AWS-01,24.81,72.0,1012.74,4.73
2026-08-25 22:05:49.197501,AWS-01,24.77,74.96,1013.42,4.1
2026-08-25 22:06:49.197501,AWS-01,24.79,74.49,1011.32,6.19
2026-08-25 22:07:49.197501,AWS-01,25.2,74.32,1010.79,6.1
2026-08-25 22:08:49.197501,AWS-01,24.79,71.56,1011.59,6.03
2026-08-25 22:09:49.197501,AWS-01,25.15,73.87,1013.98,2.65
2026-08-25 22:10:49.197501,AWS-01,26.04,73.15,1011.1,3.0
2026-08-25 22:11:49.197501,AWS-01,25.44,74.38,1011.87,7.27
2026-08-25 22:12:49.197501,AWS-01,24.84,72.98,1010.75,5.55
2026-08-25 22:13:49.197501,AWS-01,25.6,72.37,1009.4,5.3
2026-08-25 22:14:49.197501,AWS-01,24.8,73.61,1013.24,3.39
2026-08-25 22:15:49.197501,AWS-01,23.98,74.79,1010.22,5.48
2026-08-25 22:16:49.197501,AWS-01,24.5,72.88,1012.35,4.27
2026-08-25 22:17:49.197501,AWS-01,24.07,73.05,1010.91,3.37
2026-08-25 22:18:49.197501,AWS-01,24.83,71.27,1012.67,5.69
2026-08-25 22:19:49.197501,AWS-01,25.01,71.98,1013.19,3.53
2026-08-25 22:20:49.197501,AWS-01,25.84,73.68,1012.78,4.62
2026-08-25 22:21:49.197501,AWS-01,25.17,75.12,1013.74,6.47
2026-08-25 22:22:49.197501,AWS-01,24.9,71.77,1011.17,5.78
2026-08-25 22:23:49.197501,AWS-01,25.42,75.08,1012.65,2.75
2026-08-25 22:24:49.197501,AWS-01,23.9,71.48,1011.62,5.38
2026-08-25 22:25:49.197501,AWS-01,25.13,77.63,1012.61,4.73
2026-08-25 22:26:49.197501,AWS-01,25.4,74.29,1011.68,7.69
2026-08-25 22:27:49.197501,AWS-01,24.28,73.7,1012.67,5.63
2026-08-25 22:28:49.197501,AWS-01,25.59,72.02,1011.44,3.35
2026-08-25 22:29:49.197501,AWS-01,25.19,74.11,1012.46,7.51
2026-08-25 22:30:49.197501,AWS-01,24.82,73.94,1010.91,4.42
2026-08-25 22:31:49.197501,AWS-01,25.34,74.2,1011.71,4.89
2026-08-25 22:32:49.197501,AWS-01,26.17,72.38,1012.89,5.86
2026-08-25 22:33:49.197501,AWS-01,25.13,72.98,1012.01,4.01
2026-08-25 22:34:49.197501,AWS-01,25.16,73.53,1012.49,4.21
2026-08-25 22:35:49.197501,AWS-01,24.81,74.53,1011.52,3.71
2026-08-25 22:36:49.197501,AWS-01,24.62,72.28,1013.06,5.93
2026-08-25 22:37:49.197501,AWS-01,25.47,70.81,1013.21,5.39
2026-08-25 22:38:49.197501,AWS-01,24.63,73.06,1010.22,5.61
2026-08-25 22:39:49.197501,AWS-01,25.1,70.8,1010.48,6.67
2026-08-25 22:40:49.197501,AWS-01,24.83,75.12,1011.46,2.44
2026-08-25 22:41:49.197501,AWS-01,25.31,74.66,1011.84,4.18
2026-08-25 22:42:49.197501,AWS-01,25.25,73.54,1013.12,7.17
2026-08-25 22:43:49.197501,AWS-01,25.6,70.79,1011.59,5.39
2026-08-25 22:44:49.197501,AWS-01,24.84,71.32,1012.34,4.93
2026-08-25 22:45:49.197501,AWS-01,24.96,71.61,1011.77,3.61
2026-08-25 22:46:49.197501,AWS-01,24.61,74.28,1010.15,3.61
2026-08-25 22:47:49.197501,AWS-01,24.89,71.73,1011.92,2.83
2026-08-25 22:48:49.197501,AWS-01,25.3,71.18,1012.21,5.1
2026-08-25 22:49:49.197501,AWS-01,25.5,72.94,1011.45,4.59
2026-08-25 22:50:49.197501,AWS-01,24.67,74.66,1010.7,6.24
2026-08-25 22:51:49.197501,AWS-01,25.57,70.91,1012.82,7.31
2026-08-25 22:52:49.197501,AWS-01,25.82,71.24,1013.02,5.41
2026-08-25 22:53:49.197501,AWS-01,25.36,73.1,1012.39,3.01
2026-08-25 22:54:49.197501,AWS-01,26.1,74.32,1011.77,4.93
2026-08-25 22:55:49.197501,AWS-01,24.78,73.32,1012.57,4.91
2026-08-25 22:56:49.197501,AWS-01,24.56,72.02,1012.56,3.47
2026-08-25 22:57:49.197501,AWS-01,24.3,72.24,1012.23,4.45
2026-08-25 22:58:49.197501,AWS-01,25.94,73.72,1011.56,2.59
2026-08-25 22:59:49.197501,AWS-01,25.53,74.53,1010.71,6.03
2026-08-25 23:00:49.197501,AWS-01,25.19,72.83,1012.29,4.65
2026-08-25 23:01:49.197501,AWS-01,25.36,71.37,1011.08,3.75
2026-08-25 23:02:49.197501,AWS-01,24.67,71.31,1012.68,7.23
2026-08-25 23:03:49.197501,AWS-01,26.46,72.71,1012.5,5.71
2026-08-25 23:04:49.197501,AWS-01,25.32,73.44,1012.48,3.14
2026-08-25 23:05:49.197501,AWS-01,25.32,73.63,1011.24,5.06
2026-08-25 23:06:49.197501,AWS-01,25.64,71.96,1013.07,8.55
2026-08-25 23:07:49.197501,AWS-01,25.52,70.17,1012.3,6.08
2026-08-25 23:08:49.197501,AWS-01,25.41,74.4,1010.66,6.04
2026-08-25 23:09:49.197501,AWS-01,24.91,74.77,1013.99,3.85
2026-08-25 23:10:49.197501,AWS-01,25.55,73.45,1011.61,4.93
2026-08-25 23:11:49.197501,AWS-01,26.27,69.25,1011.99,3.97
2026-08-25 23:12:49.197501,AWS-01,26.01,74.26,1010.74,6.22
2026-08-25 23:13:49.197501,AWS-01,26.15,71.65,1012.79,5.51
2026-08-25 23:14:49.197501,AWS-01,25.11,73.49,1011.67,4.08
2026-08-25 23:15:49.197501,AWS-01,24.88,70.77,1014.95,6.87
2026-08-25 23:16:49.197501,AWS-01,25.32,69.99,1012.48,5.82
2026-08-25 23:17:49.197501,AWS-01,25.43,71.56,1011.87,5.49
2026-08-25 23:18:49.197501,AWS-01,25.96,68.58,1011.77,3.72
2026-08-25 23:19:49.197501,AWS-01,24.58,76.35,1012.37,4.53
2026-08-25 23:20:49.197501,AWS-01,26.2,72.56,1012.42,5.91
2026-08-25 23:21:49.197501,AWS-01,25.37,70.11,1012.47,3.61
2026-08-25 23:22:49.197501,AWS-01,25.25,70.39,1011.58,4.56
2026-08-25 23:23:49.197501,AWS-01,24.97,73.11,1010.75,5.08
2026-08-25 23:24:49.197501,AWS-01,24.66,69.81,1011.78,4.54
2026-08-25 23:25:49.197501,AWS-01,25.91,72.31,1010.62,4.15
2026-08-25 23:26:49.197501,AWS-01,25.55,74.75,1010.41,2.18
2026-08-25 23:27:49.197501,AWS-01,24.89,72.17,1011.13,5.8
2026-08-25 23:28:49.197501,AWS-01,24.9,71.55,1012.33,6.39
2026-08-25 23:29:49.197501,AWS-01,25.39,71.64,1011.07,5.38
2026-08-25 23:30:49.197501,AWS-01,26.41,70.86,1011.0,5.98
2026-08-25 23:31:49.197501,AWS-01,25.46,71.08,1012.04,2.83
2026-08-25 23:32:49.197501,AWS-01,24.85,71.31,1014.62,3.33
2026-08-25 23:33:49.197501,AWS-01,25.5,72.84,1012.28,7.64
2026-08-25 23:34:49.197501,AWS-01,25.5,71.89,1011.95,6.84
2026-08-25 23:35:49.197501,AWS-01,24.3,70.33,1010.68,4.7
2026-08-25 23:36:49.197501,AWS-01,25.64,71.13,1013.24,4.31
2026-08-25 23:37:49.197501,AWS-01,25.57,71.27,1012.85,1.63
2026-08-25 23:38:49.197501,AWS-01,26.05,71.46,1013.2,4.26
2026-08-25 23:39:49.197501,AWS-01,26.64,72.03,1011.36,3.22
2026-08-25 23:40:49.197501,AWS-01,26.29,70.78,1011.4,1.69
2026-08-25 23:41:49.197501,AWS-01,25.61,72.92,1012.65,3.29
2026-08-25 23:42:49.197501,AWS-01,25.21,70.96,1012.6,6.0
2026-08-25 23:43:49.197501,AWS-01,27.07,71.04,1012.46,7.18
2026-08-25 23:44:49.197501,AWS-01,25.83,72.06,1012.08,7.12
2026-08-25 23:45:49.197501,AWS-01,25.82,69.54,1013.4,6.05
2026-08-25 23:46:49.197501,AWS-01,25.82,70.07,1012.3,5.69
2026-08-25 23:47:49.197501,AWS-01,25.95,71.2,1013.7,6.61
2026-08-25 23:48:49.197501,AWS-01,25.79,72.1,1010.97,5.6
2026-08-25 23:49:49.197501,AWS-01,25.6,70.32,1011.15,4.02
2026-08-25 23:50:49.197501,AWS-01,25.63,69.42,1011.63,2.89
2026-08-25 23:51:49.197501,AWS-01,25.9,71.9,1011.09,7.28
2026-08-25 23:52:49.197501,AWS-01,25.67,72.05,1011.34,6.28
2026-08-25 23:53:49.197501,AWS-01,25.6,71.79,1012.17,5.83
2026-08-25 23:54:49.197501,AWS-01,26.03,69.06,1012.6,3.58
2026-08-25 23:55:49.197501,AWS-01,25.86,68.3,1012.85,3.15
2026-08-25 23:56:49.197501,AWS-01,26.76,71.24,1011.3,5.87
2026-08-25 23:57:49.197501,AWS-01,24.7,69.45,1010.99,2.06
2026-08-25 23:58:49.197501,AWS-01,26.59,67.86,1012.1,4.6
2026-08-25 23:59:49.197501,AWS-01,26.69,69.7,1011.67,6.1
2026-08-26 00:00:49.197501,AWS-01,25.05,70.58,1012.47,2.7
2026-08-26 00:01:49.197501,AWS-01,25.93,70.97,1010.98,4.63
2026-08-26 00:02:49.197501,AWS-01,25.94,69.8,1012.33,7.15
2026-08-26 00:03:49.197501,AWS-01,25.44,67.98,1012.62,6.99
2026-08-26 00:04:49.197501,AWS-01,25.78,71.53,1014.01,6.54
2026-08-26 00:05:49.197501,AWS-01,25.63,71.41,1012.14,5.04
2026-08-26 00:06:49.197501,AWS-01,27.08,72.13,1011.18,7.3
2026-08-26 00:07:49.197501,AWS-01,26.69,67.63,1012.37,1.85
2026-08-26 00:08:49.197501,AWS-01,26.88,71.01,1011.41,5.19
2026-08-26 00:09:49.197501,AWS-01,26.63,68.87,1010.94,7.22
2026-08-26 00:10:49.197501,AWS-01,25.72,69.58,1013.01,7.01
2026-08-26 00:11:49.197501,AWS-01,26.04,68.79,1013.23,7.53
2026-08-26 00:12:49.197501,AWS-01,26.57,68.14,1013.99,4.2
2026-08-26 00:13:49.197501,AWS-01,25.74,69.92,1013.55,6.28
2026-08-26 00:14:49.197501,AWS-01,26.73,70.04,1012.04,5.84
2026-08-26 00:15:49.197501,AWS-01,26.27,68.85,1012.24,3.27
2026-08-26 00:16:49.197501,AWS-01,26.22,68.93,1013.76,7.36
2026-08-26 00:17:49.197501,AWS-01,26.79,68.95,1011.93,4.32
2026-08-26 00:18:49.197501,AWS-01,26.68,67.99,1010.87,5.93
2026-08-26 00:19:49.197501,AWS-01,26.29,67.86,1012.9,4.05
2026-08-26 00:20:49.197501,AWS-01,27.08,70.24,1011.97,5.68
2026-08-26 00:21:49.197501,AWS-01,25.98,68.66,1011.79,3.88
2026-08-26 00:22:49.197501,AWS-01,26.85,66.57,1011.51,4.57
2026-08-26 00:23:49.197501,AWS-01,26.86,68.47,1011.94,5.72
2026-08-26 00:24:49.197501,AWS-01,26.43,67.8,1010.8,3.44
2026-08-26 00:25:49.197501,AWS-01,26.77,68.19,1011.23,3.06
2026-08-26 00:26:49.197501,AWS-01,26.0,68.93,1012.6,4.16
2026-08-26 00:27:49.197501,AWS-01,27.11,67.21,1011.97,3.73
2026-08-26 00:28:49.197501,AWS-01,26.58,65.86,1011.64,5.45
2026-08-26 00:29:49.197501,AWS-01,26.43,72.52,1012.35,3.49
2026-08-26 00:30:49.197501,AWS-01,27.24,65.75,1011.92,3.75
2026-08-26 00:31:49.197501,AWS-01,26.39,67.53,1011.88,4.05
2026-08-26 00:32:49.197501,AWS-01,26.06,67.82,1013.83,6.22
2026-08-26 00:33:49.197501,AWS-01,26.01,68.79,1012.39,2.11
2026-08-26 00:34:49.197501,AWS-01,27.11,69.44,1011.95,2.89
2026-08-26 00:35:49.197501,AWS-01,26.19,70.67,1013.25,4.91
2026-08-26 00:36:49.197501,AWS-01,27.73,67.5,1010.3,3.61
2026-08-26 00:37:49.197501,AWS-01,25.84,67.58,1011.76,4.55
2026-08-26 00:38:49.197501,AWS-01,27.75,70.37,1014.22,4.76
2026-08-26 00:39:49.197501,AWS-01,27.03,65.59,1013.48,3.25
2026-08-26 00:40:49.197501,AWS-01,26.9,66.16,1011.41,3.74
2026-08-26 00:41:49.197501,AWS-01,26.7,66.93,1011.45,6.25
2026-08-26 00:42:49.197501,AWS-01,27.19,68.01,1013.22,4.23
2026-08-26 00:43:49.197501,AWS-01,27.0,67.27,1013.18,5.29
2026-08-26 00:44:49.197501,AWS-01,27.59,68.28,1010.9,6.02
2026-08-26 00:45:49.197501,AWS-01,27.12,67.03,1011.16,3.67
2026-08-26 00:46:49.197501,AWS-01,27.17,69.27,1011.36,5.69
2026-08-26 00:47:49.197501,AWS-01,26.93,66.49,1011.97,3.64
2026-08-26 00:48:49.197501,AWS-01,27.11,66.3,1012.29,4.72
2026-08-26 00:49:49.197501,AWS-01,27.32,64.05,1011.39,5.69
2026-08-26 00:50:49.197501,AWS-01,26.33,66.42,1011.47,7.08
2026-08-26 00:51:49.197501,AWS-01,26.54,67.68,1012.14,1.8
2026-08-26 00:52:49.197501,AWS-01,27.61,67.37,1012.51,10.89
2026-08-26 00:53:49.197501,AWS-01,27.34,69.57,1011.71,5.43
2026-08-26 00:54:49.197501,AWS-01,27.19,66.28,1011.43,5.49
2026-08-26 00:55:49.197501,AWS-01,27.32,67.97,1011.58,3.3
2026-08-26 00:56:49.197501,AWS-01,27.5,68.67,1011.46,5.54
2026-08-26 00:57:49.197501,AWS-01,27.09,67.86,1012.69,7.77
2026-08-26 00:58:49.197501,AWS-01,26.99,67.66,1012.1,6.94
2026-08-26 00:59:49.197501,AWS-01,27.5,67.71,1011.81,4.9
2026-08-26 01:00:49.197501,AWS-01,26.94,66.9,1011.88,5.32
2026-08-26 01:01:49.197501,AWS-01,27.66,67.94,1012.87,4.32
2026-08-26 01:02:49.197501,AWS-01,26.63,67.82,1012.88,7.21
2026-08-26 01:03:49.197501,AWS-01,28.02,65.98,1010.36,4.41
2026-08-26 01:04:49.197501,AWS-01,27.76,65.56,1012.64,4.71
2026-08-26 01:05:49.197501,AWS-01,27.68,64.47,1012.09,0.51
2026-08-26 01:06:49.197501,AWS-01,28.07,63.68,1013.21,6.17
2026-08-26 01:07:49.197501,AWS-01,28.43,68.34,1011.05,7.62
2026-08-26 01:08:49.197501,AWS-01,28.13,65.64,1013.14,3.34
2026-08-26 01:09:49.197501,AWS-01,26.73,65.02,1011.47,3.42
2026-08-26 01:10:49.197501,AWS-01,27.04,65.48,1012.35,4.14
2026-08-26 01:11:49.197501,AWS-01,27.39,66.2,1010.09,4.9
2026-08-26 01:12:49.197501,AWS-01,27.74,68.71,1012.91,5.16
2026-08-26 01:13:49.197501,AWS-01,28.01,64.4,1012.54,5.3
2026-08-26 01:14:49.197501,AWS-01,27.41,67.51,1012.73,5.43
2026-08-26 01:15:49.197501,AWS-01,27.89,64.09,1011.88,5.14
2026-08-26 01:16:49.197501,AWS-01,27.45,69.08,1013.52,5.9
2026-08-26 01:17:49.197501,AWS-01,27.54,65.08,1011.05,5.12
2026-08-26 01:18:49.197501,AWS-01,27.17,63.47,1012.33,4.77
2026-08-26 01:19:49.197501,AWS-01,27.44,63.97,1011.59,7.83
2026-08-26 01:20:49.197501,AWS-01,27.25,63.2,1012.49,2.68
2026-08-26 01:21:49.197501,AWS-01,27.46,64.43,1011.91,6.99
2026-08-26 01:22:49.197501,AWS-01,28.5,62.97,1011.42,6.56
2026-08-26 01:23:49.197501,AWS-01,27.53,60.75,1011.55,5.83
2026-08-26 01:24:49.197501,AWS-01,29.34,64.24,1011.59,6.73
2026-08-26 01:25:49.197501,AWS-01,28.3,64.28,1012.19,5.67
2026-08-26 01:26:49.197501,AWS-01,28.17,64.85,1009.51,4.01
2026-08-26 01:27:49.197501,AWS-01,27.67,63.26,1012.06,5.67
2026-08-26 01:28:49.197501,AWS-01,28.48,64.92,1011.04,4.69
2026-08-26 01:29:49.197501,AWS-01,27.86,64.83,1011.41,5.34
2026-08-26 01:30:49.197501,AWS-01,28.24,61.46,1013.16,4.5
2026-08-26 01:31:49.197501,AWS-01,29.48,66.26,1010.63,3.94
2026-08-26 01:32:49.197501,AWS-01,28.18,63.22,1013.73,3.71
2026-08-26 01:33:49.197501,AWS-01,28.82,64.64,1010.8,4.41
2026-08-26 01:34:49.197501,AWS-01,27.92,63.77,1011.91,4.21
2026-08-26 01:35:49.197501,AWS-01,28.28,64.68,1013.75,5.03
2026-08-26 01:36:49.197501,AWS-01,29.21,65.17,1010.73,7.55
2026-08-26 01:37:49.197501,AWS-01,28.04,66.52,1011.27,7.73
2026-08-26 01:38:49.197501,AWS-01,29.28,64.83,1012.23,4.63
2026-08-26 01:39:49.197501,AWS-01,28.75,64.15,1010.03,3.32
2026-08-26 01:40:49.197501,AWS-01,28.14,64.33,1011.94,6.83
2026-08-26 01:41:49.197501,AWS-01,28.76,64.02,1010.18,6.14
2026-08-26 01:42:49.197501,AWS-01,28.96,64.37,1011.14,6.92
2026-08-26 01:43:49.197501,AWS-01,28.81,64.55,1011.87,5.87
2026-08-26 01:44:49.197501,AWS-01,27.74,64.89,1013.65,6.61
2026-08-26 01:45:49.197501,AWS-01,28.18,64.08,1010.71,5.86
2026-08-26 01:46:49.197501,AWS-01,28.45,60.67,1010.84,4.58
2026-08-26 01:47:49.197501,AWS-01,28.56,61.6,1012.39,5.38
2026-08-26 01:48:49.197501,AWS-01,28.93,62.21,1013.05,7.48
2026-08-26 01:49:49.197501,AWS-01,28.73,62.36,1012.49,4.46
2026-08-26 01:50:49.197501,AWS-01,28.0,64.32,1010.09,6.98
2026-08-26 01:51:49.197501,AWS-01,28.88,62.53,1011.91,4.94
2026-08-26 01:52:49.197501,AWS-01,29.02,65.33,1012.04,5.66
2026-08-26 01:53:49.197501,AWS-01,29.02,61.49,1012.47,4.6
2026-08-26 01:54:49.197501,AWS-01,29.31,59.76,1011.9,4.1
2026-08-26 01:55:49.197501,AWS-01,29.21,63.6,1011.29,3.93
2026-08-26 01:56:49.197501,AWS-01,29.04,61.48,1012.84,4.45
2026-08-26 01:57:49.197501,AWS-01,28.8,62.2,1010.96,2.55
2026-08-26 01:58:49.197501,AWS-01,28.03,62.86,1013.33,5.47
2026-08-26 01:59:49.197501,AWS-01,29.1,63.32,1011.54,3.96
2026-08-26 02:00:49.197501,AWS-01,29.01,59.94,1011.61,5.24
2026-08-26 02:01:49.197501,AWS-01,29.07,61.88,1011.05,5.91
2026-08-26 02:02:49.197501,AWS-01,28.32,63.61,1011.0,3.87
2026-08-26 02:03:49.197501,AWS-01,28.44,61.63,1012.98,5.77
2026-08-26 02:04:49.197501,AWS-01,29.53,63.1,1010.9,4.5
2026-08-26 02:05:49.197501,AWS-01,29.01,64.25,1010.8,6.34
2026-08-26 02:06:49.197501,AWS-01,29.39,64.94,1011.59,6.07
2026-08-26 02:07:49.197501,AWS-01,29.09,61.2,1010.46,2.18
2026-08-26 02:08:49.197501,AWS-01,29.11,59.24,1011.63,5.66
2026-08-26 02:09:49.197501,AWS-01,29.59,62.64,1012.22,6.92
2026-08-26 02:10:49.197501,AWS-01,28.89,60.93,1011.23,6.25
2026-08-26 02:11:49.197501,AWS-01,29.22,62.56,1013.18,3.23
2026-08-26 02:12:49.197501,AWS-01,28.96,64.11,1012.74,7.67
2026-08-26 02:13:49.197501,AWS-01,29.0,60.97,1011.26,6.08
2026-08-26 02:14:49.197501,AWS-01,29.08,62.84,1013.37,6.04
2026-08-26 02:15:49.197501,AWS-01,29.37,60.16,1011.15,6.87
2026-08-26 02:16:49.197501,AWS-01,29.04,61.52,1011.58,1.96
2026-08-26 02:17:49.197501,AWS-01,29.93,64.39,1010.72,5.28
2026-08-26 02:18:49.197501,AWS-01,28.88,59.58,1012.18,6.41
2026-08-26 02:19:49.197501,AWS-01,29.26,65.7,1010.33,6.59
2026-08-26 02:20:49.197501,AWS-01,29.15,62.5,1012.44,3.9
2026-08-26 02:21:49.197501,AWS-01,30.12,58.49,1012.6,5.45
2026-08-26 02:22:49.197501,AWS-01,29.51,62.81,1012.37,5.22
2026-08-26 02:23:49.197501,AWS-01,29.95,60.1,1013.19,7.15
2026-08-26 02:24:49.197501,AWS-01,28.72,61.17,1011.1,6.76
2026-08-26 02:25:49.197501,AWS-01,29.62,63.96,1011.12,4.43
2026-08-26 02:26:49.197501,AWS-01,29.95,61.96,1011.78,3.69
2026-08-26 02:27:49.197501,AWS-01,29.57,62.01,1011.08,7.03
2026-08-26 02:28:49.197501,AWS-01,30.08,61.08,1012.08,5.83
2026-08-26 02:29:49.197501,AWS-01,29.31,60.86,1009.85,6.31
2026-08-26 02:30:49.197501,AWS-01,30.29,63.02,1011.67,4.68
2026-08-26 02:31:49.197501,AWS-01,30.76,60.27,1013.42,1.27
2026-08-26 02:32:49.197501,AWS-01,29.45,61.16,1010.79,3.39
2026-08-26 02:33:49.197501,AWS-01,29.43,59.17,1010.85,6.71
2026-08-26 02:34:49.197501,AWS-01,30.4,59.13,1012.22,3.46
2026-08-26 02:35:49.197501,AWS-01,30.48,62.07,1012.53,5.54
2026-08-26 02:36:49.197501,AWS-01,29.45,60.43,1010.82,5.67
2026-08-26 02:37:49.197501,AWS-01,29.53,58.85,1011.64,5.62
2026-08-26 02:38:49.197501,AWS-01,29.61,58.84,1013.12,8.48
2026-08-26 02:39:49.197501,AWS-01,29.1,58.91,1010.45,5.39
2026-08-26 02:40:49.197501,AWS-01,29.34,60.92,1012.0,4.12
2026-08-26 02:41:49.197501,AWS-01,29.31,61.41,1012.91,2.68
2026-08-26 02:42:49.197501,AWS-01,29.45,60.97,1013.4,2.99
2026-08-26 02:43:49.197501,AWS-01,29.84,59.83,1012.5,7.69
2026-08-26 02:44:49.197501,AWS-01,29.99,59.64,1010.97,6.85
2026-08-26 02:45:49.197501,AWS-01,30.67,62.39,1011.72,7.39
2026-08-26 02:46:49.197501,AWS-01,29.41,59.69,1011.48,4.49
2026-08-26 02:47:49.197501,AWS-01,30.43,59.96,1011.41,4.75
2026-08-26 02:48:49.197501,AWS-01,29.85,56.6,1012.46,3.53
2026-08-26 02:49:49.197501,AWS-01,29.95,57.21,1010.21,2.97
2026-08-26 02:50:49.197501,AWS-01,30.33,62.62,1011.47,5.27
2026-08-26 02:51:49.197501,AWS-01,29.45,59.84,1011.92,3.21
2026-08-26 02:52:49.197501,AWS-01,30.22,62.31,1010.32,3.46
2026-08-26 02:53:49.197501,AWS-01,30.13,58.1,1012.51,3.91
2026-08-26 02:54:49.197501,AWS-01,30.31,61.28,1012.21,6.54
2026-08-26 02:55:49.197501,AWS-01,30.23,58.6,1011.18,5.12
2026-08-26 02:56:49.197501,AWS-01,31.33,59.61,1010.42,3.8
2026-08-26 02:57:49.197501,AWS-01,29.8,59.24,1013.97,2.92
2026-08-26 02:58:49.197501,AWS-01,29.87,61.54,1014.27,4.39
2026-08-26 02:59:49.197501,AWS-01,29.84,60.11,1012.2,4.85
2026-08-26 03:00:49.197501,AWS-01,29.89,55.42,1012.68,5.19
2026-08-26 03:01:49.197501,AWS-01,29.87,62.24,1011.33,4.4
2026-08-26 03:02:49.197501,AWS-01,30.8,57.87,1011.45,4.78
2026-08-26 03:03:49.197501,AWS-01,30.93,59.39,1010.71,4.2
2026-08-26 03:04:49.197501,AWS-01,29.95,58.92,1012.43,5.63
2026-08-26 03:05:49.197501,AWS-01,29.84,60.58,1012.25,7.08
2026-08-26 03:06:49.197501,AWS-01,30.51,60.6,1012.47,7.02
2026-08-26 03:07:49.197501,AWS-01,30.01,58.75,1014.27,6.33
2026-08-26 03:08:49.197501,AWS-01,30.62,56.94,1010.71,5.44
2026-08-26 03:09:49.197501,AWS-01,30.42,57.9,1012.14,7.38
2026-08-26 03:10:49.197501,AWS-01,29.58,57.06,1011.89,3.79
2026-08-26 03:11:49.197501,AWS-01,31.12,58.11,1011.52,3.12
2026-08-26 03:12:49.197501,AWS-01,31.26,57.85,1009.07,8.08
2026-08-26 03:13:49.197501,AWS-01,30.07,58.09,1012.02,3.24
2026-08-26 03:14:49.197501,AWS-01,30.2,61.46,1012.16,6.54
2026-08-26 03:15:49.197501,AWS-01,30.55,56.57,1011.59,5.2
2026-08-26 03:16:49.197501,AWS-01,30.59,58.2,1011.91,4.88
2026-08-26 03:17:49.197501,AWS-01,30.77,56.9,1011.28,3.07
2026-08-26 03:18:49.197501,AWS-01,31.46,55.29,1013.15,7.08
2026-08-26 03:19:49.197501,AWS-01,30.38,54.51,1011.64,4.9
2026-08-26 03:20:49.197501,AWS-01,30.08,57.6,1013.53,6.0
2026-08-26 03:21:49.197501,AWS-01,29.81,55.94,1011.67,4.68
2026-08-26 03:22:49.197501,AWS-01,30.15,57.5,1012.51,7.9
2026-08-26 03:23:49.197501,AWS-01,30.51,58.2,1011.82,4.46
2026-08-26 03:24:49.197501,AWS-01,31.44,57.29,1012.05,5.08
2026-08-26 03:25:49.197501,AWS-01,30.29,56.14,1012.32,4.91
2026-08-26 03:26:49.197501,AWS-01,30.68,57.36,1013.22,3.68
2026-08-26 03:27:49.197501,AWS-01,30.57,55.51,1012.43,5.71
2026-08-26 03:28:49.197501,AWS-01,31.18,58.73,1013.28,1.67
2026-08-26 03:29:49.197501,AWS-01,31.87,54.32,1011.03,7.44
2026-08-26 03:30:49.197501,AWS-01,30.35,56.27,1011.8,8.1
2026-08-26 03:31:49.197501,AWS-01,30.38,56.42,1013.5,7.79
2026-08-26 03:32:49.197501,AWS-01,31.16,56.1,1014.1,7.39
2026-08-26 03:33:49.197501,AWS-01,30.99,56.71,1011.95,4.76
2026-08-26 03:34:49.197501,AWS-01,31.59,60.08,1012.88,3.38
2026-08-26 03:35:49.197501,AWS-01,30.97,58.34,1012.69,7.2
2026-08-26 03:36:49.197501,AWS-01,30.51,57.79,1011.47,2.65
2026-08-26 03:37:49.197501,AWS-01,30.99,61.58,1010.16,4.95
2026-08-26 03:38:49.197501,AWS-01,31.26,57.97,1011.89,3.05
2026-08-26 03:39:49.197501,AWS-01,31.13,56.62,1009.81,6.79
2026-08-26 03:40:49.197501,AWS-01,30.98,57.8,1012.23,6.61
2026-08-26 03:41:49.197501,AWS-01,31.27,59.05,1011.7,6.97
2026-08-26 03:42:49.197501,AWS-01,31.33,57.96,1010.73,5.43
2026-08-26 03:43:49.197501,AWS-01,31.45,56.69,1011.18,3.4
2026-08-26 03:44:49.197501,AWS-01,31.09,59.62,1013.92,3.17
2026-08-26 03:45:49.197501,AWS-01,30.69,55.65,1011.3,3.62
2026-08-26 03:46:49.197501,AWS-01,30.86,56.97,1013.07,5.91
2026-08-26 03:47:49.197501,AWS-01,31.4,55.32,1013.26,6.72
2026-08-26 03:48:49.197501,AWS-01,30.4,59.03,1012.34,4.66
2026-08-26 03:49:49.197501,AWS-01,31.0,56.42,1014.05,5.0
2026-08-26 03:50:49.197501,AWS-01,30.63,56.29,1011.22,6.62
2026-08-26 03:51:49.197501,AWS-01,30.85,56.83,1012.03,5.17
2026-08-26 03:52:49.197501,AWS-01,31.48,58.02,1012.69,6.1
2026-08-26 03:53:49.197501,AWS-01,30.94,56.98,1013.19,6.34
2026-08-26 03:54:49.197501,AWS-01,30.88,57.91,1010.02,5.07
2026-08-26 03:55:49.197501,AWS-01,30.18,55.94,1011.17,6.15
2026-08-26 03:56:49.197501,AWS-01,31.24,56.4,1012.6,4.05
2026-08-26 03:57:49.197501,AWS-01,31.2,58.44,1012.42,5.4
2026-08-26 03:58:49.197501,AWS-01,31.97,57.86,1011.88,5.69
2026-08-26 03:59:49.197501,AWS-01,30.74,57.02,1011.01,4.95
2026-08-26 04:00:49.197501,AWS-01,31.01,55.6,1012.26,5.32
2026-08-26 04:01:49.197501,AWS-01,31.03,56.61,1012.41,5.83
2026-08-26 04:02:49.197501,AWS-01,31.7,56.0,1012.15,5.55
2026-08-26 04:03:49.197501,AWS-01,30.87,54.09,1012.16,8.32
2026-08-26 04:04:49.197501,AWS-01,31.06,56.12,1012.37,5.47
2026-08-26 04:05:49.197501,AWS-01,31.23,55.31,1012.73,5.89
2026-08-26 04:06:49.197501,AWS-01,31.03,57.69,1013.03,6.31
2026-08-26 04:07:49.197501,AWS-01,30.71,58.4,1011.94,5.11
2026-08-26 04:08:49.197501,AWS-01,31.04,56.93,1013.19,4.87
2026-08-26 04:09:49.197501,AWS-01,31.48,56.55,1012.18,6.84
2026-08-26 04:10:49.197501,AWS-01,30.44,55.85,1014.49,5.4
2026-08-26 04:11:49.197501,AWS-01,31.02,56.89,1012.53,6.26
2026-08-26 04:12:49.197501,AWS-01,30.61,58.69,1012.87,4.53
2026-08-26 04:13:49.197501,AWS-01,31.56,57.59,1012.93,4.67
2026-08-26 04:14:49.197501,AWS-01,30.21,59.26,1011.08,3.74
2026-08-26 04:15:49.197501,AWS-01,30.69,57.54,1011.48,7.03
2026-08-26 04:16:49.197501,AWS-01,31.16,57.13,1010.56,3.03
2026-08-26 04:17:49.197501,AWS-01,31.76,53.86,1013.01,4.76
2026-08-26 04:18:49.197501,AWS-01,30.95,60.51,1011.82,4.84
2026-08-26 04:19:49.197501,AWS-01,30.71,59.6,1010.36,2.32
2026-08-26 04:20:49.197501,AWS-01,31.93,57.91,1012.5,6.6
2026-08-26 04:21:49.197501,AWS-01,30.26,53.56,1012.86,3.76
2026-08-26 04:22:49.197501,AWS-01,29.89,57.24,1012.79,4.82
2026-08-26 04:23:49.197501,AWS-01,31.21,56.78,1011.63,2.98
2026-08-26 04:24:49.197501,AWS-01,30.74,57.8,1012.32,5.25
2026-08-26 04:25:49.197501,AWS-01,30.49,56.74,1009.82,5.27
2026-08-26 04:26:49.197501,AWS-01,31.35,54.8,1011.41,5.49
2026-08-26 04:27:49.197501,AWS-01,31.12,56.33,1011.31,2.05
2026-08-26 04:28:49.197501,AWS-01,30.72,60.07,1012.28,4.97
2026-08-26 04:29:49.197501,AWS-01,30.36,56.99,1011.19,6.23
2026-08-26 04:30:49.197501,AWS-01,31.44,57.03,1011.02,6.96
2026-08-26 04:31:49.197501,AWS-01,31.33,56.17,1013.0,4.25
2026-08-26 04:32:49.197501,AWS-01,30.95,55.86,1010.23,5.71
2026-08-26 04:33:49.197501,AWS-01,31.92,55.16,1009.92,4.87
2026-08-26 04:34:49.197501,AWS-01,30.46,56.51,1010.96,3.24
2026-08-26 04:35:49.197501,AWS-01,30.24,56.18,1012.32,3.67
2026-08-26 04:36:49.197501,AWS-01,30.65,58.96,1012.59,4.38
2026-08-26 04:37:49.197501,AWS-01,30.97,56.65,1012.01,4.51
2026-08-26 04:38:49.197501,AWS-01,31.12,57.33,1011.01,3.48
2026-08-26 04:39:49.197501,AWS-01,30.87,54.62,1010.78,5.24
2026-08-26 04:40:49.197501,AWS-01,31.17,57.79,1012.03,2.05
2026-08-26 04:41:49.197501,AWS-01,30.36,58.24,1011.01,5.63
2026-08-26 04:42:49.197501,AWS-01,31.71,57.18,1010.74,2.31
2026-08-26 04:43:49.197501,AWS-01,30.95,56.85,1011.6,3.22
2026-08-26 04:44:49.197501,AWS-01,31.54,57.45,1011.96,5.27
2026-08-26 04:45:49.197501,AWS-01,31.15,58.81,1010.82,5.73
2026-08-26 04:46:49.197501,AWS-01,31.21,57.78,1011.8,4.21
2026-08-26 04:47:49.197501,AWS-01,31.26,54.93,1011.03,4.4
2026-08-26 04:48:49.197501,AWS-01,31.2,57.65,1011.03,4.53
2026-08-26 04:49:49.197501,AWS-01,31.29,56.02,1012.98,2.94
2026-08-26 04:50:49.197501,AWS-01,31.63,58.34,1013.09,4.31
2026-08-26 04:51:49.197501,AWS-01,31.06,54.96,1011.48,5.74
2026-08-26 04:52:49.197501,AWS-01,31.31,55.46,1011.63,4.77
2026-08-26 04:53:49.197501,AWS-01,30.91,58.02,1011.28,4.71
2026-08-26 04:54:49.197501,AWS-01,31.67,55.96,1011.99,4.68
2026-08-26 04:55:49.197501,AWS-01,30.6,56.06,1012.32,7.48
2026-08-26 04:56:49.197501,AWS-01,31.84,58.66,1010.61,5.24
2026-08-26 04:57:49.197501,AWS-01,30.91,54.96,1011.26,6.79
2026-08-26 04:58:49.197501,AWS-01,30.21,57.56,1010.47,4.71
2026-08-26 04:59:49.197501,AWS-01,30.99,57.47,1010.16,3.66
2026-08-26 05:00:49.197501,AWS-01,30.58,58.03,1009.8,4.76
2026-08-26 05:01:49.197501,AWS-01,31.33,58.52,1012.69,5.87
2026-08-26 05:02:49.197501,AWS-01,30.58,54.4,1011.61,6.5
2026-08-26 05:03:49.197501,AWS-01,30.67,58.34,1012.43,5.57
2026-08-26 05:04:49.197501,AWS-01,29.95,57.1,1013.67,3.59
2026-08-26 05:05:49.197501,AWS-01,30.66,56.83,1013.33,2.89
2026-08-26 05:06:49.197501,AWS-01,29.66,56.22,1010.58,5.33
2026-08-26 05:07:49.197501,AWS-01,30.08,56.08,1010.5,4.86
2026-08-26 05:08:49.197501,AWS-01,31.24,58.19,1012.95,4.91
2026-08-26 05:09:49.197501,AWS-01,31.25,57.72,1011.65,2.58
2026-08-26 05:10:49.197501,AWS-01,31.06,56.9,1012.96,5.69
2026-08-26 05:11:49.197501,AWS-01,30.36,57.69,1012.67,7.29
2026-08-26 05:12:49.197501,AWS-01,30.81,58.59,1012.06,5.58
2026-08-26 05:13:49.197501,AWS-01,30.82,55.47,1011.65,3.84
2026-08-26 05:14:49.197501,AWS-01,30.23,59.34,1011.4,1.41
2026-08-26 05:15:49.197501,AWS-01,31.56,58.89,1012.54,5.64
2026-08-26 05:16:49.197501,AWS-01,31.23,55.63,1012.52,3.75
2026-08-26 05:17:49.197501,AWS-01,30.68,58.42,1011.42,4.08
2026-08-26 05:18:49.197501,AWS-01,30.79,57.23,1013.12,5.28
2026-08-26 05:19:49.197501,AWS-01,30.87,60.45,1012.05,6.15
2026-08-26 05:20:49.197501,AWS-01,29.74,58.19,1012.31,2.17
2026-08-26 05:21:49.197501,AWS-01,30.62,59.61,1011.6,3.35
2026-08-26 05:22:49.197501,AWS-01,30.4,57.83,1012.36,5.29
2026-08-26 05:23:49.197501,AWS-01,30.23,59.9,1012.57,3.43
2026-08-26 05:24:49.197501,AWS-01,30.58,60.22,1015.15,3.31
2026-08-26 05:25:49.197501,AWS-01,31.61,54.66,1012.55,4.18
2026-08-26 05:26:49.197501,AWS-01,31.02,56.65,1010.31,4.29
2026-08-26 05:27:49.197501,AWS-01,30.4,58.97,1009.93,5.04
2026-08-26 05:28:49.197501,AWS-01,30.96,57.39,1013.64,5.54
2026-08-26 05:29:49.197501,AWS-01,31.36,57.85,1012.02,5.71
2026-08-26 05:30:49.197501,AWS-01,31.11,58.82,1009.3,4.06
2026-08-26 05:31:49.197501,AWS-01,30.67,58.91,1012.02,2.89
2026-08-26 05:32:49.197501,AWS-01,30.3,58.29,1011.92,4.13
2026-08-26 05:33:49.197501,AWS-01,30.96,59.07,1011.48,4.87
2026-08-26 05:34:49.197501,AWS-01,30.8,55.93,1010.15,6.18
2026-08-26 05:35:49.197501,AWS-01,31.04,57.62,1011.22,4.61
2026-08-26 05:36:49.197501,AWS-01,30.89,59.33,1012.86,2.88
2026-08-26 05:37:49.197501,AWS-01,31.09,53.9,1011.19,6.44
2026-08-26 05:38:49.197501,AWS-01,30.28,57.87,1011.98,3.97
2026-08-26 05:39:49.197501,AWS-01,31.2,59.38,1010.38,5.45
2026-08-26 05:40:49.197501,AWS-01,30.62,57.65,1012.7,9.22
2026-08-26 05:41:49.197501,AWS-01,31.55,58.9,1011.26,5.27
2026-08-26 05:42:49.197501,AWS-01,30.15,58.63,1010.98,5.31
2026-08-26 05:43:49.197501,AWS-01,31.35,59.05,1012.96,4.64
2026-08-26 05:44:49.197501,AWS-01,30.57,58.84,1011.05,5.48
2026-08-26 05:45:49.197501,AWS-01,30.13,57.51,1012.19,5.45
2026-08-26 05:46:49.197501,AWS-01,30.2,60.07,1012.57,3.94
2026-08-26 05:47:49.197501,AWS-01,30.27,58.32,1011.55,5.17
2026-08-26 05:48:49.197501,AWS-01,30.62,55.56,1011.61,4.54
2026-08-26 05:49:49.197501,AWS-01,30.66,57.56,1013.68,2.13
2026-08-26 05:50:49.197501,AWS-01,30.09,58.32,1012.86,5.12
2026-08-26 05:51:49.197501,AWS-01,30.35,58.11,1010.9,7.13
2026-08-26 05:52:49.197501,AWS-01,31.42,59.07,1013.23,3.45
2026-08-26 05:53:49.197501,AWS-01,31.2,57.89,1011.87,5.11
2026-08-26 05:54:49.197501,AWS-01,30.54,57.65,1013.35,6.33
2026-08-26 05:55:49.197501,AWS-01,30.32,59.23,1011.71,7.03
2026-08-26 05:56:49.197501,AWS-01,30.35,59.25,1013.15,3.83
2026-08-26 05:57:49.197501,AWS-01,30.58,56.65,1013.63,4.44
2026-08-26 05:58:49.197501,AWS-01,29.74,56.16,1011.55,3.44
2026-08-26 05:59:49.197501,AWS-01,30.11,58.83,1012.96,5.31
2026-08-26 06:00:49.197501,AWS-01,29.39,57.44,1011.12,7.7
2026-08-26 06:01:49.197501,AWS-01,30.4,61.61,1011.76,5.0
2026-08-26 06:02:49.197501,AWS-01,30.51,61.08,1011.89,4.42
2026-08-26 06:03:49.197501,AWS-01,29.93,59.72,1012.89,5.01
2026-08-26 06:04:49.197501,AWS-01,30.94,61.72,1012.38,5.47
2026-08-26 06:05:49.197501,AWS-01,29.52,55.36,1012.39,4.86
2026-08-26 06:06:49.197501,AWS-01,29.38,59.72,1011.94,6.69
2026-08-26 06:07:49.197501,AWS-01,30.21,58.28,1012.99,4.67
2026-08-26 06:08:49.197501,AWS-01,30.6,58.74,1011.35,5.13
2026-08-26 06:09:49.197501,AWS-01,30.9,60.22,1011.73,2.25
2026-08-26 06:10:49.197501,AWS-01,29.81,60.74,1011.7,4.63
2026-08-26 06:11:49.197501,AWS-01,30.57,58.53,1010.46,4.76
2026-08-26 06:12:49.197501,AWS-01,29.99,58.2,1011.82,5.74
2026-08-26 06:13:49.197501,AWS-01,29.9,60.16,1013.81,4.49
2026-08-26 06:14:49.197501,AWS-01,30.41,58.98,1011.15,4.12
2026-08-26 06:15:49.197501,AWS-01,30.28,60.34,1014.35,3.93
2026-08-26 06:16:49.197501,AWS-01,29.14,59.75,1012.4,5.4
2026-08-26 06:17:49.197501,AWS-01,30.65,56.26,1009.61,4.26
2026-08-26 06:18:49.197501,AWS-01,30.58,57.6,1008.99,5.86
2026-08-26 06:19:49.197501,AWS-01,29.56,58.37,1011.01,3.55
2026-08-26 06:20:49.197501,AWS-01,30.05,59.11,1012.49,0.72
2026-08-26 06:21:49.197501,AWS-01,30.08,58.42,1011.74,4.19
2026-08-26 06:22:49.197501,AWS-01,29.95,57.37,1012.05,5.84
2026-08-26 06:23:49.197501,AWS-01,29.52,59.49,1012.32,2.29
2026-08-26 06:24:49.197501,AWS-01,29.44,61.53,1011.99,6.77
2026-08-26 06:25:49.197501,AWS-01,29.74,61.1,1013.87,5.63
2026-08-26 06:26:49.197501,AWS-01,30.32,60.39,1010.43,7.03
2026-08-26 06:27:49.197501,AWS-01,29.99,61.19,1010.44,3.23
2026-08-26 06:28:49.197501,AWS-01,29.51,59.96,1013.45,4.88
2026-08-26 06:29:49.197501,AWS-01,30.06,61.88,1011.41,6.05
2026-08-26 06:30:49.197501,AWS-01,28.23,58.28,1012.16,8.29
2026-08-26 06:31:49.197501,AWS-01,30.21,60.56,1013.08,5.32
2026-08-26 06:32:49.197501,AWS-01,28.74,59.07,1012.23,6.55
2026-08-26 06:33:49.197501,AWS-01,29.41,62.9,1011.91,3.67
2026-08-26 06:34:49.197501,AWS-01,29.01,60.39,1012.76,4.56
2026-08-26 06:35:49.197501,AWS-01,28.9,61.62,1012.29,2.01
2026-08-26 06:36:49.197501,AWS-01,30.11,62.33,1011.87,4.21
2026-08-26 06:37:49.197501,AWS-01,29.27,59.37,1009.98,4.85
2026-08-26 06:38:49.197501,AWS-01,29.65,59.6,1011.93,5.55
2026-08-26 06:39:49.197501,AWS-01,29.44,58.84,1013.16,6.46
2026-08-26 06:40:49.197501,AWS-01,29.68,61.47,1011.54,5.28
2026-08-26 06:41:49.197501,AWS-01,29.45,62.13,1012.51,4.35
2026-08-26 06:42:49.197501,AWS-01,28.75,60.97,1013.21,2.71
2026-08-26 06:43:49.197501,AWS-01,29.87,61.53,1011.02,3.81
2026-08-26 06:44:49.197501,AWS-01,29.1,59.35,1011.03,6.06
2026-08-26 06:45:49.197501,AWS-01,28.55,59.07,1011.37,6.1
2026-08-26 06:46:49.197501,AWS-01,29.09,60.83,1012.04,2.38
2026-08-26 06:47:49.197501,AWS-01,30.03,62.16,1011.59,6.51
2026-08-26 06:48:49.197501,AWS-01,29.68,63.33,1012.15,4.5
2026-08-26 06:49:49.197501,AWS-01,29.06,61.54,1013.22,3.38
2026-08-26 06:50:49.197501,AWS-01,29.04,63.32,1011.4,6.35
2026-08-26 06:51:49.197501,AWS-01,29.03,61.22,1012.68,3.27
2026-08-26 06:52:49.197501,AWS-01,30.21,62.19,1012.47,4.03
2026-08-26 06:53:49.197501,AWS-01,29.34,62.7,1009.94,4.52
2026-08-26 06:54:49.197501,AWS-01,29.34,62.3,1013.95,6.54
2026-08-26 06:55:49.197501,AWS-01,29.61,62.11,1011.95,2.63
2026-08-26 06:56:49.197501,AWS-01,29.19,61.29,1009.96,5.07
2026-08-26 06:57:49.197501,AWS-01,28.92,59.69,1012.4,6.07
2026-08-26 06:58:49.197501,AWS-01,28.93,61.77,1012.59,6.02
2026-08-26 06:59:49.197501,AWS-01,28.97,61.08,1012.28,6.79
2026-08-26 07:00:49.197501,AWS-01,28.96,65.53,1011.47,5.05
2026-08-26 07:01:49.197501,AWS-01,29.32,62.78,1010.26,4.18
2026-08-26 07:02:49.197501,AWS-01,28.96,62.71,1012.99,5.97
2026-08-26 07:03:49.197501,AWS-01,29.28,65.64,1012.3,3.84
2026-08-26 07:04:49.197501,AWS-01,28.85,62.9,1011.33,5.3
2026-08-26 07:05:49.197501,AWS-01,28.9,62.09,1011.31,2.85
2026-08-26 07:06:49.197501,AWS-01,27.84,63.64,1012.51,6.23
2026-08-26 07:07:49.197501,AWS-01,29.27,62.03,1012.84,2.96
2026-08-26 07:08:49.197501,AWS-01,28.96,61.45,1013.08,6.41
2026-08-26 07:09:49.197501,AWS-01,29.26,64.57,1011.12,5.52
2026-08-26 07:10:49.197501,AWS-01,27.29,64.29,1011.88,4.42
2026-08-26 07:11:49.197501,AWS-01,29.76,64.4,1011.33,4.91
2026-08-26 07:12:49.197501,AWS-01,28.62,59.4,1012.2,5.91
2026-08-26 07:13:49.197501,AWS-01,29.22,60.29,1011.65,1.67
2026-08-26 07:14:49.197501,AWS-01,28.12,61.65,1013.26,6.42
2026-08-26 07:15:49.197501,AWS-01,28.93,61.65,1012.35,3.73
2026-08-26 07:16:49.197501,AWS-01,28.07,62.69,1010.22,1.65
2026-08-26 07:17:49.197501,AWS-01,28.26,62.64,1011.45,6.04
2026-08-26 07:18:49.197501,AWS-01,29.5,63.13,1011.66,5.75
2026-08-26 07:19:49.197501,AWS-01,28.43,63.94,1012.55,6.02
2026-08-26 07:20:49.197501,AWS-01,28.61,62.53,1011.12,5.15
2026-08-26 07:21:49.197501,AWS-01,28.91,65.99,1011.51,4.25
2026-08-26 07:22:49.197501,AWS-01,28.7,64.25,1013.27,5.43
2026-08-26 07:23:49.197501,AWS-01,28.5,61.87,1010.45,5.99
2026-08-26 07:24:49.197501,AWS-01,28.58,66.71,1012.84,6.74
2026-08-26 07:25:49.197501,AWS-01,29.58,62.27,1012.85,5.63
2026-08-26 07:26:49.197501,AWS-01,28.32,64.65,1012.32,6.93
2026-08-26 07:27:49.197501,AWS-01,28.42,64.95,1012.85,5.77
2026-08-26 07:28:49.197501,AWS-01,28.82,65.34,1010.61,6.58
2026-08-26 07:29:49.197501,AWS-01,28.83,64.7,1011.15,5.83
2026-08-26 07:30:49.197501,AWS-01,28.84,61.94,1012.42,4.13
2026-08-26 07:31:49.197501,AWS-01,28.54,64.4,1012.4,3.56
2026-08-26 07:32:49.197501,AWS-01,27.63,63.78,1012.86,7.52
2026-08-26 07:33:49.197501,AWS-01,28.99,66.15,1009.83,3.21
2026-08-26 07:34:49.197501,AWS-01,27.58,62.57,1010.42,5.62
2026-08-26 07:35:49.197501,AWS-01,28.28,65.24,1012.69,5.4
2026-08-26 07:36:49.197501,AWS-01,27.72,64.63,1010.81,6.59
2026-08-26 07:37:49.197501,AWS-01,28.04,63.4,1011.82,3.63
2026-08-26 07:38:49.197501,AWS-01,28.21,65.38,1012.35,3.65
2026-08-26 07:39:49.197501,AWS-01,28.19,66.55,1012.5,8.11
2026-08-26 07:40:49.197501,AWS-01,28.21,66.72,1010.61,6.15
2026-08-26 07:41:49.197501,AWS-01,28.78,64.24,1012.17,6.42
2026-08-26 07:42:49.197501,AWS-01,28.18,63.82,1012.74,4.04
2026-08-26 07:43:49.197501,AWS-01,27.8,64.75,1011.78,6.15
2026-08-26 07:44:49.197501,AWS-01,28.38,68.19,1010.18,4.1
2026-08-26 07:45:49.197501,AWS-01,28.47,66.21,1011.9,4.91
2026-08-26 07:46:49.197501,AWS-01,27.24,65.06,1013.39,6.26
2026-08-26 07:47:49.197501,AWS-01,28.12,64.02,1011.92,4.55
2026-08-26 07:48:49.197501,AWS-01,28.15,66.07,1011.46,5.98
2026-08-26 07:49:49.197501,AWS-01,27.63,68.18,1011.1,5.33
2026-08-26 07:50:49.197501,AWS-01,28.44,64.81,1012.85,3.16
2026-08-26 07:51:49.197501,AWS-01,27.65,65.76,1011.4,4.55
2026-08-26 07:52:49.197501,AWS-01,27.76,64.92,1011.25,4.67
2026-08-26 07:53:49.197501,AWS-01,27.59,68.6,1011.43,6.25
2026-08-26 07:54:49.197501,AWS-01,27.66,64.46,1011.99,6.18
2026-08-26 07:55:49.197501,AWS-01,27.08,67.79,1013.02,6.38
2026-08-26 07:56:49.197501,AWS-01,26.88,64.45,1011.39,5.29
2026-08-26 07:57:49.197501,AWS-01,28.37,62.87,1011.99,5.24
2026-08-26 07:58:49.197501,AWS-01,27.13,68.13,1012.42,6.97
2026-08-26 07:59:49.197501,AWS-01,27.03,67.67,1013.64,6.97
2026-08-26 08:00:49.197501,AWS-01,26.42,65.95,1011.65,5.73
2026-08-26 08:01:49.197501,AWS-01,27.16,65.14,1012.07,1.97
2026-08-26 08:02:49.197501,AWS-01,26.79,65.69,1012.06,4.54
2026-08-26 08:03:49.197501,AWS-01,28.25,62.27,1011.98,4.84
2026-08-26 08:04:49.197501,AWS-01,27.91,69.18,1011.11,6.16
2026-08-26 08:05:49.197501,AWS-01,27.03,68.55,1011.33,3.9
2026-08-26 08:06:49.197501,AWS-01,28.48,67.36,1010.46,4.19
2026-08-26 08:07:49.197501,AWS-01,27.82,68.04,1011.32,0.63
2026-08-26 08:08:49.197501,AWS-01,27.14,65.02,1009.98,0.75
2026-08-26 08:09:49.197501,AWS-01,26.03,67.11,1011.77,7.08
2026-08-26 08:10:49.197501,AWS-01,28.4,69.41,1010.61,4.95
2026-08-26 08:11:49.197501,AWS-01,26.54,66.7,1011.75,5.94
2026-08-26 08:12:49.197501,AWS-01,26.39,68.04,1012.7,8.23
2026-08-26 08:13:49.197501,AWS-01,27.7,65.76,1012.25,3.8
2026-08-26 08:14:49.197501,AWS-01,28.38,66.81,1011.43,4.29
2026-08-26 08:15:49.197501,AWS-01,27.83,67.07,1011.36,7.5
2026-08-26 08:16:49.197501,AWS-01,27.39,67.42,1012.65,2.55
2026-08-26 08:17:49.197501,AWS-01,27.39,65.85,1012.82,3.56
2026-08-26 08:18:49.197501,AWS-01,27.49,69.15,1012.86,5.38
2026-08-26 08:19:49.197501,AWS-01,27.42,66.69,1013.47,3.95
2026-08-26 08:20:49.197501,AWS-01,27.16,68.62,1011.2,3.57
2026-08-26 08:21:49.197501,AWS-01,27.05,66.96,1011.92,5.36
2026-08-26 08:22:49.197501,AWS-01,26.94,68.54,1011.81,4.7
2026-08-26 08:23:49.197501,AWS-01,26.57,69.72,1012.13,4.3
2026-08-26 08:24:49.197501,AWS-01,26.78,65.7,1012.67,5.87
2026-08-26 08:25:49.197501,AWS-01,26.05,67.74,1013.41,4.27
2026-08-26 08:26:49.197501,AWS-01,26.83,67.94,1011.39,5.89
2026-08-26 08:27:49.197501,AWS-01,26.36,68.59,1012.08,4.94
2026-08-26 08:28:49.197501,AWS-01,26.28,69.89,1012.72,5.17
2026-08-26 08:29:49.197501,AWS-01,26.9,68.96,1012.03,4.54
2026-08-26 08:30:49.197501,AWS-01,27.48,63.48,1012.21,4.27
2026-08-26 08:31:49.197501,AWS-01,27.22,68.33,1010.81,4.93
2026-08-26 08:32:49.197501,AWS-01,25.95,69.07,1012.29,6.44
2026-08-26 08:33:49.197501,AWS-01,26.22,68.47,1010.63,6.05
2026-08-26 08:34:49.197501,AWS-01,27.16,69.23,1012.0,5.62
2026-08-26 08:35:49.197501,AWS-01,26.18,68.11,1012.14,3.37
2026-08-26 08:36:49.197501,AWS-01,26.54,68.75,1013.1,4.62
2026-08-26 08:37:49.197501,AWS-01,26.9,68.05,1011.47,5.44
2026-08-26 08:38:49.197501,AWS-01,26.12,70.64,1011.33,6.08
2026-08-26 08:39:49.197501,AWS-01,26.64,69.78,1012.67,5.58
2026-08-26 08:40:49.197501,AWS-01,25.89,69.21,1010.82,4.62
2026-08-26 08:41:49.197501,AWS-01,26.24,70.09,1012.02,3.54
2026-08-26 08:42:49.197501,AWS-01,26.68,68.98,1009.68,6.17
2026-08-26 08:43:49.197501,AWS-01,25.7,70.81,1010.9,0.23
2026-08-26 08:44:49.197501,AWS-01,26.69,69.51,1010.31,3.53
2026-08-26 08:45:49.197501,AWS-01,26.44,68.67,1012.73,4.02
2026-08-26 08:46:49.197501,AWS-01,26.71,68.93,1011.73,4.4
2026-08-26 08:47:49.197501,AWS-01,26.52,69.64,1011.85,3.1
2026-08-26 08:48:49.197501,AWS-01,27.07,66.37,1009.95,6.11
2026-08-26 08:49:49.197501,AWS-01,26.43,69.27,1010.6,3.94
2026-08-26 08:50:49.197501,AWS-01,26.13,67.01,1011.26,5.98
2026-08-26 08:51:49.197501,AWS-01,26.39,68.83,1012.76,2.13
2026-08-26 08:52:49.197501,AWS-01,26.58,68.31,1012.31,4.63
2026-08-26 08:53:49.197501,AWS-01,26.31,68.26,1012.63,4.58
2026-08-26 08:54:49.197501,AWS-01,26.28,69.35,1011.15,4.98
2026-08-26 08:55:49.197501,AWS-01,25.89,70.04,1012.08,6.2
2026-08-26 08:56:49.197501,AWS-01,25.89,68.16,1012.87,3.22
2026-08-26 08:57:49.197501,AWS-01,25.5,70.72,1010.09,5.14
2026-08-26 08:58:49.197501,AWS-01,27.06,68.7,1013.35,4.02
2026-08-26 08:59:49.197501,AWS-01,25.54,70.01,1012.69,4.79
2026-08-26 09:00:49.197501,AWS-01,25.8,70.74,1009.82,4.21
2026-08-26 09:01:49.197501,AWS-01,25.77,70.72,1009.38,8.82
2026-08-26 09:02:49.197501,AWS-01,26.55,70.28,1013.18,8.52
2026-08-26 09:03:49.197501,AWS-01,25.94,71.53,1012.13,4.79
2026-08-26 09:04:49.197501,AWS-01,26.69,68.92,1011.31,2.97
2026-08-26 09:05:49.197501,AWS-01,25.71,67.68,1012.19,4.95
2026-08-26 09:06:49.197501,AWS-01,26.17,69.47,1015.08,7.04
2026-08-26 09:07:49.197501,AWS-01,25.59,70.66,1011.39,3.48
2026-08-26 09:08:49.197501,AWS-01,27.06,71.0,1011.32,6.45
2026-08-26 09:09:49.197501,AWS-01,25.38,72.47,1011.15,5.71
2026-08-26 09:10:49.197501,AWS-01,26.11,69.74,1011.23,7.41
2026-08-26 09:11:49.197501,AWS-01,26.25,71.46,1011.18,3.17
2026-08-26 09:12:49.197501,AWS-01,26.13,70.37,1010.94,4.99
2026-08-26 09:13:49.197501,AWS-01,25.81,68.92,1012.67,5.91
2026-08-26 09:14:49.197501,AWS-01,25.82,69.12,1010.97,4.44
2026-08-26 09:15:49.197501,AWS-01,25.89,72.09,1011.5,3.27
2026-08-26 09:16:49.197501,AWS-01,25.77,69.5,1011.48,6.99
2026-08-26 09:17:49.197501,AWS-01,26.31,71.02,1010.73,5.32
2026-08-26 09:18:49.197501,AWS-01,26.92,70.27,1013.35,6.94
2026-08-26 09:19:49.197501,AWS-01,25.52,71.34,1012.59,7.12
2026-08-26 09:20:49.197501,AWS-01,25.09,70.17,1011.55,5.36
2026-08-26 09:21:49.197501,AWS-01,25.72,70.75,1013.1,1.71
2026-08-26 09:22:49.197501,AWS-01,27.04,72.69,1011.54,5.82
2026-08-26 09:23:49.197501,AWS-01,25.33,72.9,1012.98,2.9
2026-08-26 09:24:49.197501,AWS-01,26.53,70.79,1012.08,3.91
2026-08-26 09:25:49.197501,AWS-01,26.54,72.7,1011.26,3.0
2026-08-26 09:26:49.197501,AWS-01,25.4,71.84,1012.24,6.88
2026-08-26 09:27:49.197501,AWS-01,25.95,72.68,1012.33,2.92
2026-08-26 09:28:49.197501,AWS-01,26.46,72.86,1011.95,5.75
2026-08-26 09:29:49.197501,AWS-01,25.44,69.76,1011.88,5.46
2026-08-26 09:30:49.197501,AWS-01,25.52,71.0,1011.06,6.68
2026-08-26 09:31:49.197501,AWS-01,25.31,73.57,1013.53,4.88
2026-08-26 09:32:49.197501,AWS-01,25.08,68.3,1010.53,2.94
2026-08-26 09:33:49.197501,AWS-01,25.25,71.64,1012.39,1.67
2026-08-26 09:34:49.197501,AWS-01,24.95,72.84,1012.29,4.78
2026-08-26 09:35:49.197501,AWS-01,25.56,74.0,1011.78,5.1
2026-08-26 09:36:49.197501,AWS-01,25.15,75.17,1009.9,6.02
2026-08-26 09:37:49.197501,AWS-01,25.63,72.47,1011.34,4.93
2026-08-26 09:38:49.197501,AWS-01,24.72,76.33,1012.81,3.73
2026-08-26 09:39:49.197501,AWS-01,25.65,71.02,1010.2,4.5
2026-08-26 09:40:49.197501,AWS-01,25.89,69.82,1013.05,5.73
2026-08-26 09:41:49.197501,AWS-01,24.46,71.56,1013.6,6.1
2026-08-26 09:42:49.197501,AWS-01,25.64,71.45,1012.08,4.23
2026-08-26 09:43:49.197501,AWS-01,26.05,74.9,1012.16,5.6
2026-08-26 09:44:49.197501,AWS-01,24.82,70.77,1011.81,2.6
2026-08-26 09:45:49.197501,AWS-01,26.25,70.06,1010.97,4.34
2026-08-26 09:46:49.197501,AWS-01,25.61,71.96,1010.76,6.88
2026-08-26 09:47:49.197501,AWS-01,25.03,72.78,1012.72,8.59
2026-08-26 09:48:49.197501,AWS-01,25.35,70.98,1013.62,5.57
2026-08-26 09:49:49.197501,AWS-01,25.64,69.5,1011.83,3.78
2026-08-26 09:50:49.197501,AWS-01,25.39,73.68,1009.93,4.97
2026-08-26 09:51:49.197501,AWS-01,25.61,71.82,1012.73,5.53
2026-08-26 09:52:49.197501,AWS-01,24.87,71.72,1010.78,3.32
2026-08-26 09:53:49.197501,AWS-01,25.4,72.19,1011.86,4.36
2026-08-26 09:54:49.197501,AWS-01,24.6,73.76,1011.66,2.99
2026-08-26 09:55:49.197501,AWS-01,25.24,71.91,1012.03,7.41
2026-08-26 09:56:49.197501,AWS-01,24.83,72.68,1010.82,4.67
2026-08-26 09:57:49.197501,AWS-01,24.9,69.94,1012.2,5.15
2026-08-26 09:58:49.197501,AWS-01,25.88,73.86,1012.33,7.22
2026-08-26 09:59:49.197501,AWS-01,25.8,72.53,1012.08,3.4
2026-08-26 10:00:49.197501,AWS-01,25.55,75.84,1011.98,5.76
2026-08-26 10:01:49.197501,AWS-01,24.69,71.31,1010.18,3.94
2026-08-26 10:02:49.197501,AWS-01,25.06,74.96,1011.88,4.48
2026-08-26 10:03:49.197501,AWS-01,25.82,70.75,1011.23,5.1
2026-08-26 10:04:49.197501,AWS-01,25.27,73.21,1012.25,5.12
2026-08-26 10:05:49.197501,AWS-01,26.35,72.78,1010.97,5.07
2026-08-26 10:06:49.197501,AWS-01,25.38,72.63,1011.52,8.81
2026-08-26 10:07:49.197501,AWS-01,25.27,70.42,1011.87,5.78
2026-08-26 10:08:49.197501,AWS-01,25.01,71.67,1010.42,6.23
2026-08-26 10:09:49.197501,AWS-01,25.23,71.92,1011.74,4.9
2026-08-26 10:10:49.197501,AWS-01,25.08,71.57,1011.73,4.98
2026-08-26 10:11:49.197501,AWS-01,25.5,72.76,1012.44,6.27
2026-08-26 10:12:49.197501,AWS-01,25.62,73.31,1010.42,5.08
2026-08-26 10:13:49.197501,AWS-01,24.74,73.75,1011.31,4.01
2026-08-26 10:14:49.197501,AWS-01,24.46,73.48,1013.03,4.39
2026-08-26 10:15:49.197501,AWS-01,24.2,72.88,1011.88,4.68
2026-08-26 10:16:49.197501,AWS-01,25.36,73.2,1014.28,3.72
2026-08-26 10:17:49.197501,AWS-01,24.55,71.93,1011.13,4.98
2026-08-26 10:18:49.197501,AWS-01,24.02,77.12,1011.82,3.3
2026-08-26 10:19:49.197501,AWS-01,25.28,69.65,1011.91,5.02
2026-08-26 10:20:49.197501,AWS-01,26.33,74.24,1011.5,4.77
2026-08-26 10:21:49.197501,AWS-01,25.08,71.1,1012.31,3.09
2026-08-26 10:22:49.197501,AWS-01,25.49,71.31,1012.55,7.7
2026-08-26 10:23:49.197501,AWS-01,25.11,70.04,1011.88,5.02
2026-08-26 10:24:49.197501,AWS-01,25.01,72.16,1011.8,5.55
2026-08-26 10:25:49.197501,AWS-01,25.52,69.91,1011.63,5.32
2026-08-26 10:26:49.197501,AWS-01,24.91,75.46,1011.36,4.94
2026-08-26 10:27:49.197501,AWS-01,25.18,71.99,1010.15,4.36
2026-08-26 10:28:49.197501,AWS-01,25.2,72.38,1011.15,6.39
2026-08-26 10:29:49.197501,AWS-01,24.71,72.13,1012.15,6.16
2026-08-26 10:30:49.197501,AWS-01,25.53,74.15,1013.16,4.24
2026-08-26 10:31:49.197501,AWS-01,24.94,73.01,1012.11,3.38
2026-08-26 10:32:49.197501,AWS-01,24.65,73.52,1012.36,5.76
2026-08-26 10:33:49.197501,AWS-01,25.29,72.17,1011.49,3.2
2026-08-26 10:34:49.197501,AWS-01,24.57,72.96,1011.78,3.61
2026-08-26 10:35:49.197501,AWS-01,25.03,71.34,1011.57,5.62
2026-08-26 10:36:49.197501,AWS-01,25.01,74.39,1013.81,5.76
2026-08-26 10:37:49.197501,AWS-01,25.56,72.58,1012.31,8.1
2026-08-26 10:38:49.197501,AWS-01,25.25,74.77,1012.18,6.26
2026-08-26 10:39:49.197501,AWS-01,25.0,71.71,1012.75,5.98
2026-08-26 10:40:49.197501,AWS-01,25.42,72.96,1011.4,2.66
2026-08-26 10:41:49.197501,AWS-01,25.7,73.62,1011.03,4.19
2026-08-26 10:42:49.197501,AWS-01,25.28,70.76,1011.18,3.3
2026-08-26 10:43:49.197501,AWS-01,25.01,71.88,1010.37,8.03
2026-08-26 10:44:49.197501,AWS-01,24.35,71.83,1012.27,5.63
2026-08-26 10:45:49.197501,AWS-01,24.47,71.77,1013.09,4.18
2026-08-26 10:46:49.197501,AWS-01,24.85,74.08,1013.29,8.88
2026-08-26 10:47:49.197501,AWS-01,24.7,74.05,1011.59,6.18
2026-08-26 10:48:49.197501,AWS-01,24.91,71.11,1011.22,5.12
2026-08-26 10:49:49.197501,AWS-01,25.03,73.99,1013.03,5.9
2026-08-26 10:50:49.197501,AWS-01,25.27,73.62,1010.78,7.05
2026-08-26 10:51:49.197501,AWS-01,24.97,74.36,1013.57,5.69
2026-08-26 10:52:49.197501,AWS-01,25.24,71.62,1013.32,4.75
2026-08-26 10:53:49.197501,AWS-01,25.03,74.13,1012.7,5.42
2026-08-26 10:54:49.197501,AWS-01,24.02,72.52,1012.86,5.83
2026-08-26 10:55:49.197501,AWS-01,24.53,74.61,1011.87,3.72
2026-08-26 10:56:49.197501,AWS-01,24.93,71.52,1011.73,6.85
2026-08-26 10:57:49.197501,AWS-01,24.4,73.26,1011.34,4.61
2026-08-26 10:58:49.197501,AWS-01,25.31,72.64,1011.81,5.81
2026-08-26 10:59:49.197501,AWS-01,25.78,71.17,1013.08,5.32
2026-08-26 11:00:49.197501,AWS-01,25.62,72.95,1011.48,5.33
2026-08-26 11:01:49.197501,AWS-01,24.91,70.34,1011.46,4.62
2026-08-26 11:02:49.197501,AWS-01,25.76,74.74,1011.23,4.25
2026-08-26 11:03:49.197501,AWS-01,25.1,71.74,1011.65,6.16
2026-08-26 11:04:49.197501,AWS-01,24.86,73.57,1010.3,4.16
2026-08-26 11:05:49.197501,AWS-01,24.72,75.44,1011.73,1.7
2026-08-26 11:06:49.197501,AWS-01,24.88,72.97,1012.61,5.56
2026-08-26 11:07:49.197501,AWS-01,24.84,74.65,1011.46,6.34
2026-08-26 11:08:49.197501,AWS-01,25.12,71.54,1010.19,4.59
2026-08-26 11:09:49.197501,AWS-01,25.12,73.05,1012.06,3.61
2026-08-26 11:10:49.197501,AWS-01,25.05,70.63,1013.36,4.54
2026-08-26 11:11:49.197501,AWS-01,25.27,75.24,1010.76,3.31
2026-08-26 11:12:49.197501,AWS-01,25.65,72.74,1012.43,6.11
2026-08-26 11:13:49.197501,AWS-01,25.54,69.46,1012.61,4.16
2026-08-26 11:14:49.197501,AWS-01,24.33,71.89,1011.09,7.53
2026-08-26 11:15:49.197501,AWS-01,23.8,72.84,1013.35,2.73
2026-08-26 11:16:49.197501,AWS-01,25.55,69.52,1011.3,5.24
2026-08-26 11:17:49.197501,AWS-01,24.4,73.0,1010.59,6.2
2026-08-26 11:18:49.197501,AWS-01,24.98,73.86,1010.11,5.47
2026-08-26 11:19:49.197501,AWS-01,24.51,72.15,1012.53,5.14
2026-08-26 11:20:49.197501,AWS-01,24.2,72.73,1010.47,6.73
2026-08-26 11:21:49.197501,AWS-01,25.38,74.39,1011.47,4.21
2026-08-26 11:22:49.197501,AWS-01,25.5,74.0,1011.29,5.97
2026-08-26 11:23:49.197501,AWS-01,24.84,69.71,1011.43,3.23
2026-08-26 11:24:49.197501,AWS-01,23.84,70.87,1012.93,4.86
2026-08-26 11:25:49.197501,AWS-01,24.86,73.62,1012.96,4.97
2026-08-26 11:26:49.197501,AWS-01,25.34,69.95,1011.31,4.07
2026-08-26 11:27:49.197501,AWS-01,24.41,72.07,1012.69,4.08
2026-08-26 11:28:49.197501,AWS-01,25.25,74.35,1012.34,4.91
2026-08-26 11:29:49.197501,AWS-01,25.16,71.6,1011.15,4.19
2026-08-26 11:30:49.197501,AWS-01,25.47,72.19,1010.65,7.65
2026-08-26 11:31:49.197501,AWS-01,25.25,70.39,1011.56,5.17
2026-08-26 11:32:49.197501,AWS-01,24.71,70.82,1012.98,7.1
2026-08-26 11:33:49.197501,AWS-01,25.8,72.04,1010.96,4.69
2026-08-26 11:34:49.197501,AWS-01,25.13,73.42,1013.09,3.88
2026-08-26 11:35:49.197501,AWS-01,25.21,72.37,1012.29,5.37
2026-08-26 11:36:49.197501,AWS-01,24.77,72.57,1013.52,5.57
2026-08-26 11:37:49.197501,AWS-01,25.02,71.6,1011.83,7.46
2026-08-26 11:38:49.197501,AWS-01,24.81,72.3,1011.52,6.65
2026-08-26 11:39:49.197501,AWS-01,25.18,72.98,1012.08,5.06
2026-08-26 11:40:49.197501,AWS-01,26.13,73.39,1012.13,5.64
2026-08-26 11:41:49.197501,AWS-01,24.6,71.67,1011.59,6.53
2026-08-26 11:42:49.197501,AWS-01,24.49,75.34,1012.43,3.09
2026-08-26 11:43:49.197501,AWS-01,26.04,71.21,1009.81,7.4
2026-08-26 11:44:49.197501,AWS-01,25.21,72.96,1012.17,2.93
2026-08-26 11:45:49.197501,AWS-01,24.99,73.39,1010.95,1.2
2026-08-26 11:46:49.197501,AWS-01,25.86,71.89,1012.14,6.09
2026-08-26 11:47:49.197501,AWS-01,25.05,72.46,1013.2,2.72
2026-08-26 11:48:49.197501,AWS-01,26.27,72.98,1010.76,2.75
2026-08-26 11:49:49.197501,AWS-01,25.71,71.01,1012.75,4.08
2026-08-26 11:50:49.197501,AWS-01,25.14,71.05,1013.12,5.02
2026-08-26 11:51:49.197501,AWS-01,26.48,71.77,1013.29,3.88
2026-08-26 11:52:49.197501,AWS-01,25.11,72.22,1011.84,8.75
2026-08-26 11:53:49.197501,AWS-01,25.79,71.34,1010.77,6.43
2026-08-26 11:54:49.197501,AWS-01,25.59,74.34,1013.22,4.7
2026-08-26 11:55:49.197501,AWS-01,26.1,69.29,1014.04,5.7
2026-08-26 11:56:49.197501,AWS-01,26.24,73.76,1011.03,5.61
2026-08-26 11:57:49.197501,AWS-01,25.49,72.69,1011.94,2.82
2026-08-26 11:58:49.197501,AWS-01,25.11,73.27,1011.97,6.16
2026-08-26 11:59:49.197501,AWS-01,25.73,71.62,1011.38,6.12
2026-08-26 12:00:49.197501,AWS-01,25.18,72.66,1013.09,6.04
2026-08-26 12:01:49.197501,AWS-01,26.54,70.09,1012.0,4.2
2026-08-26 12:02:49.197501,AWS-01,25.61,70.98,1011.02,2.06
2026-08-26 12:03:49.197501,AWS-01,25.38,71.8,1010.65,5.02
2026-08-26 12:04:49.197501,AWS-01,25.67,73.0,1013.64,5.59
2026-08-26 12:05:49.197501,AWS-01,24.92,70.34,1011.36,0.89
2026-08-26 12:06:49.197501,AWS-01,25.12,73.7,1011.45,4.62
2026-08-26 12:07:49.197501,AWS-01,26.22,71.92,1013.12,2.39
2026-08-26 12:08:49.197501,AWS-01,25.31,70.89,1012.11,5.69
2026-08-26 12:09:49.197501,AWS-01,25.13,71.11,1011.79,6.46
2026-08-26 12:10:49.197501,AWS-01,25.93,71.55,1010.73,4.43
2026-08-26 12:11:49.197501,AWS-01,26.27,71.24,1012.66,7.65
2026-08-26 12:12:49.197501,AWS-01,26.06,71.28,1011.49,1.17
2026-08-26 12:13:49.197501,AWS-01,26.21,70.61,1012.39,4.77
2026-08-26 12:14:49.197501,AWS-01,25.35,68.38,1011.06,5.71
2026-08-26 12:15:49.197501,AWS-01,25.04,70.86,1012.33,6.43
2026-08-26 12:16:49.197501,AWS-01,26.51,71.51,1011.26,6.3
2026-08-26 12:17:49.197501,AWS-01,25.62,71.37,1011.22,6.06
2026-08-26 12:18:49.197501,AWS-01,25.67,69.36,1011.66,5.35
2026-08-26 12:19:49.197501,AWS-01,26.48,69.99,1009.17,7.04
2026-08-26 12:20:49.197501,AWS-01,26.11,68.17,1011.39,7.35
2026-08-26 12:21:49.197501,AWS-01,26.08,72.15,1011.82,5.12
2026-08-26 12:22:49.197501,AWS-01,26.95,72.38,1011.12,3.79
2026-08-26 12:23:49.197501,AWS-01,25.56,70.58,1013.38,3.99
2026-08-26 12:24:49.197501,AWS-01,26.37,69.21,1012.01,2.78
2026-08-26 12:25:49.197501,AWS-01,25.95,68.39,1012.69,6.07
2026-08-26 12:26:49.197501,AWS-01,26.07,72.5,1014.5,5.07
2026-08-26 12:27:49.197501,AWS-01,26.72,74.69,1010.68,5.03
2026-08-26 12:28:49.197501,AWS-01,26.23,72.42,1012.36,4.25
2026-08-26 12:29:49.197501,AWS-01,55.0,69.84,1010.99,5.07
2026-08-26 12:30:49.197501,AWS-01,26.55,68.06,1013.26,4.25
2026-08-26 12:31:49.197501,AWS-01,25.85,70.0,1012.07,2.38
2026-08-26 12:32:49.197501,AWS-01,25.63,68.63,1013.71,5.79
2026-08-26 12:33:49.197501,AWS-01,25.55,69.03,1011.9,5.92
2026-08-26 12:34:49.197501,AWS-01,25.1,69.78,1012.06,4.09
2026-08-26 12:35:49.197501,AWS-01,27.13,66.92,1012.97,5.45
2026-08-26 12:36:49.197501,AWS-01,25.57,72.85,1012.09,3.45
2026-08-26 12:37:49.197501,AWS-01,26.03,70.54,1012.39,4.36
2026-08-26 12:38:49.197501,AWS-01,26.03,69.5,1012.56,2.14
2026-08-26 12:39:49.197501,AWS-01,26.34,72.42,1011.23,4.09
2026-08-26 12:40:49.197501,AWS-01,26.61,67.96,1009.79,4.65
2026-08-26 12:41:49.197501,AWS-01,26.66,69.65,1011.86,5.06
2026-08-26 12:42:49.197501,AWS-01,25.95,69.39,1011.43,4.58
2026-08-26 12:43:49.197501,AWS-01,26.18,71.74,1011.37,5.15
2026-08-26 12:44:49.197501,AWS-01,26.43,68.08,1012.02,2.8
2026-08-26 12:45:49.197501,AWS-01,26.18,70.07,1011.62,5.3
2026-08-26 12:46:49.197501,AWS-01,27.13,68.0,1011.95,3.15
2026-08-26 12:47:49.197501,AWS-01,26.59,67.37,1011.8,3.44
2026-08-26 12:48:49.197501,AWS-01,26.74,68.85,1011.48,6.28
